# This file uses centimeters as units for non-parametric coordinates.

mtllib Enemigo.mtl
g default
v 0.156646 4.091454 -0.039675
v 0.156646 4.015943 -0.320819
v 0.156646 4.091454 -0.253921
v 0.226449 4.000993 -0.253920
v 0.156610 3.744449 -0.253905
v 0.156646 3.821221 -0.320818
v 0.226448 3.806269 -0.253919
v 0.156646 4.108108 -0.140346
v 0.226449 4.070536 -0.140346
v 0.226446 3.779078 -0.134252
v 0.156569 3.744423 -0.140329
v 0.156568 3.641370 -0.039696
v 0.156535 3.687143 -0.115282
v 0.226443 3.757018 -0.115290
v 0.131478 3.687124 -0.115281
v 0.145103 3.744418 -0.140328
v 0.121167 3.649788 -0.060371
v 0.142067 3.744445 -0.253363
v 0.125352 3.616266 -0.108605
v 0.194597 3.625320 -0.186857
v 0.138833 3.635120 -0.285289
v 0.138296 3.659714 -0.120024
v 0.136667 3.717066 -0.257296
v 0.139886 3.717049 -0.145067
v 0.104564 -0.000159 0.320580
v 0.324557 -0.000160 0.320580
v 0.104564 0.094741 0.320580
v 0.324557 0.094740 0.320580
v 0.122539 0.201939 -0.155325
v 0.303777 0.188020 -0.131865
v 0.097460 0.002845 -0.152474
v 0.324316 0.002487 -0.136483
v 0.324062 0.096912 -0.136179
v 0.097264 0.098139 -0.150974
v 0.211213 -0.000160 0.320580
v 0.210799 0.002561 -0.182051
v 0.210540 0.097229 -0.181845
v 0.218812 0.190790 -0.182206
v 0.211212 0.094740 0.320580
v 0.292296 0.190557 -0.015112
v 0.324145 0.097202 -0.076243
v 0.324393 0.002567 -0.076458
v 0.211121 0.002647 -0.076522
v 0.087142 0.002773 -0.076524
v 0.097822 0.094587 -0.076549
v 0.201412 0.191334 0.016523
v 0.119825 0.191774 -0.022076
v 0.115847 0.097813 0.029217
v 0.087242 0.002719 0.029217
v 0.211202 0.002645 0.029206
v 0.324508 0.002632 0.029227
v 0.324335 0.097465 0.029328
v 0.106866 0.150448 0.166629
v 0.211096 0.150329 0.168283
v 0.324518 0.150260 0.166662
v 0.324525 0.094738 0.146447
v 0.324555 -0.000160 0.146434
v 0.211212 -0.000159 0.146433
v 0.093998 -0.000124 0.146438
v 0.093913 0.094880 0.146432
v 0.210562 0.153393 0.052665
v 0.109944 0.153688 0.049347
v 0.324246 0.152932 0.049602
v 0.211213 0.040402 0.401347
v 0.211213 0.002148 0.401347
v 0.324557 0.002148 0.401347
v 0.324557 0.040402 0.401347
v 0.104565 0.002148 0.401347
v 0.104565 0.040403 0.401347
v 0.197196 2.810303 -0.037201
v 0.292441 3.393435 0.010362
v 0.352381 3.433430 -0.405836
v 0.197198 2.678655 -0.274324
v 0.352501 3.463074 -0.069797
v 0.289663 2.735304 -0.137844
v 0.200244 2.531486 -0.302146
v 0.294473 2.560650 -0.142190
v 0.200318 2.428150 0.103150
v 0.221030 2.415782 -0.280698
v 0.346813 2.411234 -0.048362
v 0.263548 2.383472 0.132097
v 0.349198 3.560926 -0.150842
v 0.295316 3.555461 -0.344486
v 0.277422 3.522173 -0.072980
v 0.112533 2.240971 -0.268045
v 0.086236 2.260848 0.122641
v 0.350516 2.118302 -0.206096
v 0.451686 2.126708 -0.047573
v 0.350386 2.138771 0.110812
v 0.147963 2.119962 -0.205862
v 0.106031 2.128899 -0.047221
v 0.147948 2.141092 0.110880
v 0.347097 2.060828 -0.204452
v 0.447912 2.069044 -0.045739
v 0.346698 2.082227 0.112632
v 0.144529 2.063511 -0.204285
v 0.144656 2.085576 0.112546
v 0.104047 2.084399 -0.046222
v 0.377289 3.271657 -0.387286
v 0.407078 3.260106 -0.085548
v 0.263169 3.159620 0.128586
v 0.412944 3.465592 -0.112610
v 0.406270 3.466341 -0.371314
v 0.389524 3.571847 -0.178179
v 0.254074 3.035410 0.009872
v 0.288289 2.937509 -0.137274
v 0.259554 2.872880 -0.321199
v 0.282236 2.302665 -0.260625
v 0.358284 2.357806 -0.051692
v 0.274526 2.334147 0.112936
v 0.115068 2.225180 0.114494
v 0.123354 2.208427 -0.225991
v 0.419882 3.336300 -0.333690
v 0.348284 3.572219 -0.322217
v 0.413581 3.338882 -0.146334
v 0.193433 2.524987 0.001200
v 0.207358 3.595339 -0.175623
v 0.130829 3.584719 -0.088493
v 0.145636 3.606229 -0.301211
v 1.179403 3.493836 -0.175171
v 1.142756 3.544892 -0.190428
v 1.165512 3.441110 -0.292523
v 1.138876 3.505228 -0.296009
v 1.121120 3.544190 -0.263399
v 1.190749 3.435306 -0.206692
v 1.258754 3.470857 -0.198596
v 1.234719 3.524434 -0.212818
v 1.263487 3.440568 -0.316545
v 1.244560 3.503314 -0.314935
v 1.210164 3.537636 -0.276470
v 1.267588 3.426399 -0.224195
v 1.925605 3.458722 -0.203171
v 1.916198 3.506608 -0.209082
v 1.905940 3.464461 -0.286840
v 1.912871 3.510669 -0.273698
v 1.906500 3.517768 -0.246165
v 1.905200 3.456885 -0.249171
v 1.216081 3.489814 -0.193614
v 1.225283 3.440130 -0.223788
v 1.207656 3.443724 -0.310832
v 1.186133 3.498950 -0.304253
v 1.171128 3.535728 -0.279860
v 1.188136 3.528442 -0.200067
v 0.454310 3.464807 -0.120020
v 0.461891 3.337653 -0.153900
v 0.469816 3.334191 -0.337020
v 0.452996 3.466148 -0.375220
v 0.390022 3.563687 -0.326710
v 0.426485 3.566639 -0.184448
v 0.731468 3.487315 -0.161627
v 0.705619 3.528211 -0.191668
v 0.673676 3.593628 -0.306103
v 0.737239 3.522230 -0.342404
v 0.793599 3.441353 -0.309425
v 0.790559 3.416817 -0.185652
v 1.899861 3.465699 -0.203337
v 1.892867 3.441702 -0.228027
v 1.888720 3.467398 -0.270425
v 1.892488 3.504272 -0.261123
v 1.885256 3.511992 -0.240550
v 1.897504 3.501076 -0.202443
v 1.834473 3.463498 -0.201199
v 1.831412 3.438031 -0.227074
v 1.837398 3.462719 -0.273122
v 1.841209 3.501765 -0.268185
v 1.827844 3.514547 -0.245519
v 1.833636 3.499833 -0.202604
v 0.093902 2.219279 -0.039752
v 0.087104 2.232259 -0.049591
v 0.324339 1.667724 -0.131966
v 0.387718 1.677795 -0.036442
v 0.310023 1.713248 0.163403
v 0.160136 1.660969 -0.109595
v 0.152036 1.702976 0.166769
v 0.088010 1.680665 0.028472
v 0.340263 1.306262 -0.195415
v 0.410830 1.275221 -0.098843
v 0.319330 1.241314 0.036506
v 0.164808 1.296257 -0.201120
v 0.143109 1.231176 0.031162
v 0.091933 1.267791 -0.106134
v 0.232123 0.317782 -0.157446
v 0.288617 0.309087 -0.119365
v 0.257343 0.326736 -0.004739
v 0.143870 0.311051 -0.142435
v 0.199700 0.318569 0.010784
v 0.138054 0.319099 -0.062870
v 0.315930 1.631094 -0.115704
v 0.309811 1.517657 -0.145745
v 0.370168 1.625125 -0.034142
v 0.358741 1.498677 -0.076337
v 0.304185 1.635262 0.180364
v 0.293504 1.420624 0.118325
v 0.175003 1.622112 -0.115264
v 0.178865 1.509243 -0.147651
v 0.154111 1.614109 0.181546
v 0.153886 1.400678 0.114636
v 0.092314 1.621909 0.050408
v 0.097072 1.482531 -0.004870
v 2.035856 3.463857 -0.368580
v 2.049984 3.515353 -0.232742
v 2.037841 3.499665 -0.371916
v 1.996480 3.461184 -0.351662
v 2.002113 3.501060 -0.359504
v 2.017910 3.511629 -0.212571
v 2.132493 3.478887 -0.244986
v 2.064575 3.470638 -0.376538
v 2.068677 3.500647 -0.379796
v 2.135462 3.508105 -0.247559
v 2.184769 3.467719 -0.246481
v 2.160098 3.465779 -0.377630
v 2.163298 3.502068 -0.380195
v 2.181766 3.505088 -0.248357
v 2.010285 3.514230 -0.274664
v 2.041624 3.508550 -0.298689
v 2.095627 3.506935 -0.304731
v 2.171189 3.502825 -0.309544
v 2.168249 3.466590 -0.307027
v 2.087617 3.479238 -0.301000
v 2.037756 3.474620 -0.287376
v 2.007648 3.470832 -0.268346
v 2.007250 3.465938 -0.303613
v 2.040410 3.467947 -0.321617
v 2.082270 3.474666 -0.327621
v 2.176310 3.466650 -0.342060
v 2.179510 3.502938 -0.344626
v 2.083110 3.504277 -0.329775
v 2.041795 3.503053 -0.327534
v 2.171903 3.472390 -0.245904
v 2.151908 3.473809 -0.305075
v 2.146575 3.468983 -0.334520
v 2.132456 3.469177 -0.375787
v 2.139622 3.502513 -0.378360
v 2.151006 3.505817 -0.339368
v 2.154563 3.507625 -0.307736
v 2.175385 3.506322 -0.248304
v 2.015494 3.489753 -0.192290
v 2.039047 3.497941 -0.215767
v 1.998959 3.480318 -0.187640
v 1.990281 3.456490 -0.175682
v 2.003078 3.456895 -0.198279
v 2.080693 3.487598 -0.132027
v 2.097425 3.492442 -0.147434
v 2.088280 3.500566 -0.145087
v 2.073473 3.473769 -0.127114
v 2.084312 3.464141 -0.129895
v 2.082932 3.474173 -0.149548
v 2.088761 3.488958 -0.161244
v 2.075648 3.460657 -0.143705
v 2.107970 3.487308 -0.126587
v 2.115854 3.488379 -0.136426
v 2.110613 3.493033 -0.135081
v 2.102130 3.477680 -0.124784
v 2.108339 3.472164 -0.126378
v 2.109253 3.479617 -0.136625
v 2.110888 3.486382 -0.144338
v 2.103377 3.470168 -0.134290
v 2.118073 3.481953 -0.128199
v 2.021914 3.514780 -0.241423
v 2.052623 3.511087 -0.258347
v 2.096442 3.505831 -0.278534
v 2.181229 3.503211 -0.271514
v 2.201350 3.502187 -0.273494
v 2.204866 3.472416 -0.268513
v 2.176790 3.471082 -0.269784
v 2.093944 3.482216 -0.268100
v 2.044088 3.483536 -0.212263
v 2.026184 3.470636 -0.204404
v 2.007135 3.509048 -0.311092
v 2.054566 3.493348 -0.205094
v 2.049452 3.493129 -0.145463
v 2.037683 3.477129 -0.139233
v 2.042830 3.458650 -0.141399
v 2.045402 3.455174 -0.159598
v 2.059037 3.476179 -0.169097
v 2.065595 3.491131 -0.178493
v 2.064988 3.500330 -0.168897
v 2.064248 3.505183 -0.158348
v 2.077223 3.474653 -0.154220
v 2.068420 3.459347 -0.147503
v 2.074400 3.462829 -0.132644
v 2.064921 3.474571 -0.130010
v 2.073228 3.488920 -0.135238
v 2.080794 3.502109 -0.148195
v 2.089674 3.494327 -0.152563
v 2.083225 3.489477 -0.165366
v 1.970604 3.466326 -0.332210
v 1.974712 3.508030 -0.340210
v 1.981188 3.515335 -0.296536
v 1.985042 3.518799 -0.259724
v 1.995774 3.513246 -0.207675
v 1.977600 3.474179 -0.258027
v 2.021358 3.492053 -0.162035
v 2.010152 3.470951 -0.153993
v 2.014954 3.449258 -0.157031
v 2.018216 3.451296 -0.181145
v 2.034927 3.471455 -0.186928
v 2.044625 3.486371 -0.198610
v 2.046353 3.506430 -0.176975
v 2.031346 3.509652 -0.174404
v 2.157787 3.474358 -0.276722
v 2.169547 3.467376 -0.278138
v 2.172907 3.503629 -0.280979
v 2.159834 3.508046 -0.279261
v 2.211495 3.498239 -0.256773
v 2.052937 3.468014 -0.373544
v 2.056325 3.500033 -0.377318
v 2.067322 3.503148 -0.329975
v 2.073364 3.507250 -0.304728
v 2.080107 3.507941 -0.274550
v 2.101887 3.511932 -0.246648
v 2.098735 3.487802 -0.236195
v 2.068516 3.485876 -0.253483
v 2.071326 3.476119 -0.300607
v 2.065497 3.471547 -0.326667
v 2.204597 3.485975 -0.325184
v 2.190159 3.484730 -0.367758
v 2.199276 3.485597 -0.295288
v 1.886003 3.464389 -0.201312
v 1.884017 3.499987 -0.200983
v 1.873148 3.511823 -0.240221
v 1.881733 3.502642 -0.260442
v 1.878113 3.465487 -0.269380
v 1.879790 3.440169 -0.226358
v 0.219149 0.237044 -0.173551
v 0.290245 0.235939 -0.129134
v 0.258389 0.240236 -0.006435
v 0.130441 0.247490 -0.156723
v 0.202333 0.230859 0.015285
v 0.135054 0.231128 -0.055793
v 0.098726 0.140394 -0.154882
v 0.214024 0.138592 -0.184053
v 0.315624 0.136371 -0.136483
v 0.327629 0.138891 -0.095411
v 0.112860 0.142918 -0.099797
v 0.107258 0.145144 -0.014734
v 0.111354 0.171330 0.011802
v 0.201106 0.173984 0.034148
v 0.297760 0.174721 0.017521
v 0.323818 0.144851 0.002028
v 0.237109 3.563758 -0.168926
v 0.179032 3.571589 -0.300882
v 0.162585 3.552687 -0.091997
v 0.266724 3.558019 -0.163235
v 0.206974 3.564313 -0.308531
v 0.188455 3.545590 -0.087102
v 0.173910 3.660529 -0.170747
v 0.137949 3.668223 -0.277345
v 1.986525 3.452651 -0.199927
v 1.960886 3.469014 -0.255718
v 1.954192 3.465772 -0.320426
v 1.957656 3.509132 -0.323059
v 1.962516 3.515834 -0.283220
v 1.969051 3.514966 -0.246716
v 1.982552 3.454622 -0.180531
v 1.980158 3.510123 -0.206942
v 0.164232 3.972227 -0.338645
v 0.240431 3.955907 -0.265616
v 0.240431 4.021822 -0.141634
v 0.174389 4.035027 0.024447
v 0.221218 4.011963 -0.018517
v 0.252083 3.982977 -0.055762
v 0.242775 3.783272 -0.075156
v 0.236277 3.746082 -0.065936
v 0.206613 3.698217 -0.010906
v 0.168534 3.675356 0.017267
v 0.246545 4.002851 -0.056788
v 0.251355 3.899568 -0.090621
v 0.245606 3.811375 -0.083593
v 0.223924 3.710878 -0.031981
v 0.233280 3.897684 -0.137859
v 0.234428 3.891661 -0.260594
v 0.160243 3.892820 -0.329270
v 0.163512 4.015569 0.018924
v 0.205250 3.995013 -0.019369
v 0.227824 3.986893 -0.053480
v 0.226987 3.816231 -0.077371
v 0.224464 3.791184 -0.069851
v 0.232111 3.894835 -0.083635
v 0.218673 3.758036 -0.061634
v 0.207664 3.726660 -0.031369
v 0.192233 3.715374 -0.012586
v 0.158293 3.694999 0.012525
v 0.232760 3.969177 -0.052565
v 0.142627 3.978208 -0.057577
v 0.174590 3.962465 -0.086901
v 0.191877 3.956246 -0.113023
v 0.191236 3.825553 -0.131319
v 0.189302 3.806372 -0.125559
v 0.195160 3.885749 -0.136116
v 0.184860 3.780985 -0.119266
v 0.176425 3.756954 -0.096089
v 0.164616 3.748315 -0.081706
v 0.138632 3.732717 -0.062476
v 0.195657 3.942680 -0.112323
v 0.130540 3.875877 -0.098452
v 0.156845 3.873321 -0.098452
v 0.171072 3.872311 -0.098452
v 0.170545 3.851090 -0.098452
v 0.168955 3.847975 -0.098452
v 0.173774 3.860864 -0.098452
v 0.165306 3.843854 -0.098452
v 0.158368 3.839951 -0.098452
v 0.148644 3.838549 -0.098452
v 0.127254 3.836016 -0.098452
v 0.174183 3.870108 -0.098452
v 0.156546 3.980627 0.035991
v 0.160450 4.035514 0.004795
v 0.204572 3.954676 -0.003250
v 0.208476 4.009562 -0.034446
v 0.226862 3.940777 -0.034851
v 0.230766 3.995664 -0.066048
v 0.226862 3.940776 -0.100686
v 0.230766 3.995664 -0.131882
v 0.153491 3.736188 0.024609
v 0.157429 3.690454 -0.006587
v 0.201926 3.757809 -0.014633
v 0.205864 3.712078 -0.045828
v 0.215455 3.803382 -0.071021
v 0.219393 3.757650 -0.102216
v 0.215151 3.883996 -0.107073
v 0.219088 3.881927 -0.162392
v 0.233462 3.896733 -0.157256
v 0.234157 3.893082 -0.231647
v 0.237128 3.953678 -0.160215
v 0.239040 3.969711 -0.193496
v 0.239439 3.952912 -0.238337
v 0.236333 3.915947 -0.236293
v 0.230635 3.856078 -0.224129
v 0.228816 3.831792 -0.186660
v 0.222576 3.912265 -0.226964
v 0.220927 3.894941 -0.223443
v 0.224929 3.940271 -0.228513
v 0.224627 3.952999 -0.194538
v 0.223178 3.940851 -0.169323
v 0.220400 3.897707 -0.167081
v 0.216881 3.848506 -0.189359
v 0.218259 3.866904 -0.217747
v 0.460740 3.561256 -0.190187
v 0.492019 3.467043 -0.130394
v 0.510824 3.346601 -0.163470
v 0.519691 3.345863 -0.337402
v 0.494734 3.471580 -0.375101
v 0.429473 3.563062 -0.329038
v 1.113956 3.543642 -0.182345
v 1.147998 3.493752 -0.165715
v 1.164824 3.434379 -0.196355
v 1.141204 3.441807 -0.284218
v 1.112151 3.506865 -0.289310
v 1.091301 3.547671 -0.255373
v 1.291508 3.470564 -0.198480
v 1.269334 3.523080 -0.212480
v 1.245229 3.536374 -0.273798
v 1.278618 3.503274 -0.311580
v 1.296467 3.441927 -0.313588
v 1.299705 3.427184 -0.223821
v 1.995346 3.514145 -0.227501
v 1.979044 3.510562 -0.221068
v 2.112818 3.487158 -0.141264
v 2.092128 3.490311 -0.155878
v 2.085731 3.491362 -0.160392
v 2.065359 3.494705 -0.174765
v 2.043426 3.497380 -0.185368
v 2.047693 3.486242 -0.212047
v 2.078165 3.491337 -0.242953
v 2.112827 3.479945 -0.261244
v 2.117750 3.507218 -0.267541
v 2.089958 3.508845 -0.263442
v 2.051695 3.512797 -0.247689
v 2.020456 3.513265 -0.229538
v 1.995711 3.513747 -0.219358
v 1.979632 3.510459 -0.215300
v 2.109755 3.472377 -0.330472
v 2.095455 3.470375 -0.376767
v 2.098871 3.501441 -0.379185
v 2.113169 3.503444 -0.332890
v 2.115991 3.506497 -0.304226
v 2.123631 3.504654 -0.277445
v 2.120827 3.474877 -0.271699
v 2.112576 3.475430 -0.301808
v 2.153182 3.505682 -0.247059
v 2.152887 3.474184 -0.244931
v 2.145928 3.471669 -0.264915
v 2.145923 3.503072 -0.268231
v 2.072918 3.472748 -0.327414
v 2.057474 3.469015 -0.374771
v 2.061006 3.500184 -0.378358
v 2.073120 3.503647 -0.329965
v 2.077976 3.507382 -0.304346
v 2.083906 3.506943 -0.276820
v 2.103267 3.507903 -0.266249
v 2.116988 3.509482 -0.248112
v 2.117895 3.477077 -0.245357
v 2.100215 3.477899 -0.260154
v 2.078426 3.484414 -0.260453
v 2.077445 3.479796 -0.298438
v 0.080615 3.687168 -0.093360
v 0.080659 3.744447 -0.277500
v 0.080659 3.744447 -0.268719
v 0.080594 3.615604 -0.099962
v 0.080611 3.659781 -0.103499
v 0.080623 2.504824 0.018160
v 0.080883 2.210572 -0.251450
v 0.080867 2.217650 -0.165802
v 0.080948 3.607400 -0.306228
v 0.081054 3.571622 -0.302023
v 0.080795 3.636672 -0.290196
v 0.081010 3.563482 -0.306784
v 0.080745 3.668482 -0.282342
v 0.080647 3.153517 0.151713
v 0.074954 2.868974 -0.313753
v 0.080649 4.115314 -0.012717
v 0.080649 4.015941 -0.344410
v 0.080649 3.896417 -0.354459
v 0.080642 3.663521 -0.003311
v 0.080644 3.684543 -0.005657
v 0.080649 3.724915 -0.076054
v 0.080649 3.834777 -0.098452
v 0.080649 3.839244 -0.098452
v 0.080626 3.639115 -0.059133
v 0.080574 2.427960 0.103222
v 0.080570 2.368252 0.154192
v 0.080761 3.534004 -0.323721
v 0.080402 3.391123 -0.394498
v 0.080714 2.261487 0.122218
v 0.080648 2.810303 -0.010076
v 0.080649 2.674764 -0.274323
v 0.080632 2.508112 -0.315043
v 0.080897 2.206508 -0.246934
v 0.080847 2.231889 -0.051772
v 0.080663 3.518517 -0.004077
v 0.080512 3.545670 -0.055669
v 0.080664 3.717078 -0.260660
v 0.080585 3.584171 -0.078343
v 0.080494 3.552867 -0.069840
v 0.080649 3.079881 0.077631
v 0.080534 3.390574 0.072496
v 0.079148 3.112082 -0.365116
v 0.080606 2.410862 -0.327731
v 0.080764 2.248751 -0.272727
v 0.080649 4.146582 -0.140346
v 0.080649 4.129928 -0.277512
v 0.080649 3.972228 -0.364590
v 0.080649 3.821221 -0.344409
v 0.080634 3.630210 -0.039654
v 0.080649 4.048490 0.037057
v 0.080649 4.027471 0.030071
v 0.080649 3.987110 -0.049240
v 0.080649 3.877292 -0.098452
v 0.080649 3.986070 0.048903
v 0.080649 4.041706 0.018895
v 0.080649 3.726798 0.011489
v 0.080649 3.680428 -0.018723
v 0.004651 4.091456 -0.039675
v 0.004651 4.015942 -0.320819
v 0.004651 4.091455 -0.253921
v -0.065151 4.000993 -0.253920
v 0.004702 3.744433 -0.253919
v 0.004651 3.821221 -0.320818
v -0.065151 3.806270 -0.253919
v 0.004651 4.108107 -0.140346
v -0.065151 4.070536 -0.140346
v -0.065151 3.779078 -0.134253
v 0.004672 3.744450 -0.140341
v 0.004655 3.641448 -0.039667
v 0.004670 3.687204 -0.115279
v -0.065151 3.757020 -0.115291
v 0.029727 3.687199 -0.115278
v 0.016139 3.744449 -0.140341
v 0.040053 3.649854 -0.060350
v 0.019246 3.744427 -0.253379
v 0.035710 3.616628 -0.108553
v -0.033645 3.625405 -0.186918
v 0.022457 3.634993 -0.285420
v 0.022875 3.659826 -0.120007
v 0.024646 3.717036 -0.257316
v 0.021352 3.717087 -0.145078
v 0.056709 -0.000166 0.320746
v -0.163284 -0.000167 0.320746
v 0.056709 0.094734 0.320746
v -0.163283 0.094733 0.320746
v 0.038754 0.201846 -0.155116
v -0.142485 0.187806 -0.131604
v 0.063677 0.002770 -0.152338
v -0.163053 0.002486 -0.136323
v -0.162749 0.096855 -0.135975
v 0.063851 0.097976 -0.150811
v -0.049941 -0.000167 0.320746
v -0.049624 0.002573 -0.181935
v -0.049368 0.097267 -0.181740
v -0.057538 0.190783 -0.182040
v -0.049939 0.094734 0.320746
v -0.130968 0.190503 -0.014902
v -0.162825 0.097157 -0.076041
v -0.163120 0.002560 -0.076292
v -0.049869 0.002639 -0.076364
v 0.074077 0.002732 -0.076367
v 0.063341 0.094471 -0.076385
v -0.040127 0.191339 0.016690
v 0.041425 0.191711 -0.021896
v 0.045396 0.097778 0.029381
v 0.074025 0.002707 0.029382
v -0.049931 0.002637 0.029371
v -0.163225 0.002623 0.029398
v -0.163019 0.097444 0.029519
v 0.054388 0.150416 0.166797
v -0.049801 0.150337 0.168452
v -0.163220 0.150253 0.166839
v -0.163241 0.094731 0.146618
v -0.163282 -0.000167 0.146599
v -0.049939 -0.000166 0.146599
v 0.067272 -0.000134 0.146604
v 0.067338 0.094849 0.146598
v -0.049268 0.153399 0.052836
v 0.051324 0.153673 0.049514
v -0.162925 0.152905 0.049797
v -0.049940 0.040395 0.401513
v -0.049941 0.002141 0.401513
v -0.163285 0.002141 0.401513
v -0.163285 0.040395 0.401513
v 0.056707 0.002141 0.401513
v 0.056708 0.040395 0.401513
v -0.035900 2.810303 -0.037201
v -0.131131 3.393407 0.010277
v -0.192666 3.437191 -0.407356
v -0.035900 2.678655 -0.274324
v -0.191064 3.464422 -0.070613
v -0.128366 2.735304 -0.137845
v -0.038938 2.531483 -0.302135
v -0.133207 2.560626 -0.142192
v -0.039342 2.428127 0.103084
v -0.059886 2.415628 -0.280709
v -0.185487 2.411241 -0.048347
v -0.102377 2.383277 0.132093
v -0.185795 3.562254 -0.151647
v -0.133084 3.556361 -0.345015
v -0.116057 3.521825 -0.073041
v 0.049041 2.240817 -0.268029
v 0.075194 2.260848 0.122643
v -0.188912 2.117938 -0.205952
v -0.290595 2.126944 -0.047661
v -0.189120 2.138743 0.110801
v 0.013252 2.119845 -0.205955
v 0.053813 2.128964 -0.047309
v 0.013222 2.140900 0.110819
v -0.185426 2.060524 -0.204254
v -0.286961 2.069337 -0.045888
v -0.185476 2.082226 0.112610
v 0.017580 2.063573 -0.203926
v 0.017045 2.085708 0.112668
v 0.057707 2.084903 -0.045898
v -0.219454 3.274125 -0.388489
v -0.224642 3.244082 -0.078437
v -0.102739 3.159774 0.128297
v -0.251930 3.470599 -0.114177
v -0.246524 3.472190 -0.372883
v -0.225291 3.575531 -0.179115
v -0.093455 3.035575 0.009682
v -0.127932 2.937864 -0.137514
v -0.099957 2.873522 -0.321637
v -0.120956 2.302425 -0.260615
v -0.196959 2.357837 -0.051681
v -0.113259 2.333921 0.112948
v 0.046456 2.225268 0.114520
v 0.038426 2.208258 -0.225948
v -0.262052 3.340228 -0.335186
v -0.184784 3.575240 -0.323351
v -0.256630 3.343797 -0.148509
v -0.032178 2.524956 0.001207
v -0.046481 3.595399 -0.175676
v 0.030212 3.585230 -0.088453
v 0.015679 3.605987 -0.301426
v -1.018104 3.493833 -0.175155
v -0.981457 3.544890 -0.190412
v -1.004222 3.441105 -0.292508
v -0.977585 3.505224 -0.295999
v -0.959824 3.544186 -0.263387
v -1.029450 3.435303 -0.206675
v -1.097451 3.470855 -0.198573
v -1.073421 3.524432 -0.212800
v -1.102281 3.440539 -0.316320
v -1.083371 3.503285 -0.314770
v -1.048885 3.537628 -0.276437
v -1.106280 3.426396 -0.224160
v -1.764295 3.458720 -0.203106
v -1.754890 3.506605 -0.209019
v -1.744634 3.464461 -0.286770
v -1.751566 3.510667 -0.273635
v -1.745195 3.517766 -0.246101
v -1.743892 3.456883 -0.249096
v -1.054782 3.489811 -0.193596
v -1.063984 3.440127 -0.223769
v -1.046393 3.443715 -0.310791
v -1.024860 3.498943 -0.304235
v -1.009844 3.535723 -0.279852
v -1.026837 3.528440 -0.200051
v -0.293920 3.470448 -0.121492
v -0.304971 3.343336 -0.155903
v -0.312670 3.339496 -0.338653
v -0.292987 3.470480 -0.375973
v -0.227379 3.566968 -0.327483
v -0.262792 3.571440 -0.185209
v -0.571325 3.490788 -0.161398
v -0.544794 3.530234 -0.191081
v -0.512726 3.594686 -0.303931
v -0.576700 3.524953 -0.340336
v -0.635090 3.447512 -0.307508
v -0.632375 3.423194 -0.185288
v -1.738547 3.465696 -0.203259
v -1.731554 3.441699 -0.227940
v -1.727408 3.467395 -0.270329
v -1.731181 3.504269 -0.261047
v -1.723948 3.511989 -0.240477
v -1.736192 3.501074 -0.202367
v -1.673136 3.463497 -0.201051
v -1.670072 3.438031 -0.226896
v -1.676053 3.462716 -0.272866
v -1.679897 3.501761 -0.268080
v -1.666529 3.514544 -0.245415
v -1.672298 3.499833 -0.202455
v 0.067873 2.219228 -0.039743
v 0.074590 2.232229 -0.049588
v -0.162908 1.667687 -0.131828
v -0.226662 1.677851 -0.036486
v -0.148890 1.713264 0.163401
v 0.001760 1.660996 -0.109261
v 0.009302 1.702996 0.166855
v 0.073921 1.680802 0.028770
v -0.179868 1.306133 -0.195680
v -0.249768 1.275175 -0.098841
v -0.157782 1.241331 0.036698
v -0.003240 1.296242 -0.200938
v 0.018306 1.231162 0.031299
v 0.070088 1.267686 -0.105717
v -0.071027 0.317704 -0.157336
v -0.127515 0.308936 -0.119219
v -0.096072 0.326735 -0.004582
v 0.017504 0.311001 -0.142218
v -0.038415 0.318560 0.010952
v 0.023323 0.318998 -0.062628
v -0.154594 1.631080 -0.115612
v -0.148521 1.517647 -0.145700
v -0.208906 1.625134 -0.034083
v -0.197452 1.498675 -0.076282
v -0.142962 1.635287 0.180416
v -0.132215 1.420641 0.118368
v -0.013388 1.622112 -0.115051
v -0.017576 1.509231 -0.147602
v 0.007193 1.614136 0.181636
v 0.007403 1.400692 0.114680
v 0.069191 1.621960 0.050568
v 0.064218 1.482533 -0.004835
v -1.874558 3.463857 -0.368539
v -1.888686 3.515351 -0.232700
v -1.876544 3.499666 -0.371874
v -1.835181 3.461183 -0.351621
v -1.840815 3.501060 -0.359462
v -1.856611 3.511625 -0.212530
v -1.971195 3.478884 -0.244943
v -1.903277 3.470639 -0.376497
v -1.907382 3.500646 -0.379754
v -1.974166 3.508102 -0.247516
v -2.023471 3.467722 -0.246440
v -1.998801 3.465773 -0.377589
v -2.002003 3.502061 -0.380154
v -2.020468 3.505089 -0.248313
v -1.848987 3.514228 -0.274623
v -1.880327 3.508549 -0.298647
v -1.934331 3.506933 -0.304690
v -2.009893 3.502818 -0.309503
v -2.006692 3.466530 -0.306938
v -1.926321 3.479236 -0.300958
v -1.876458 3.474618 -0.287335
v -1.846348 3.470829 -0.268305
v -1.845951 3.465937 -0.303572
v -1.879113 3.467946 -0.321575
v -1.920973 3.474665 -0.327580
v -2.015013 3.466642 -0.342020
v -2.018215 3.502930 -0.344585
v -1.921815 3.504276 -0.329734
v -1.880499 3.503053 -0.327492
v -2.010605 3.472393 -0.245862
v -1.990611 3.473806 -0.305034
v -1.985278 3.468979 -0.334480
v -1.971159 3.469174 -0.375746
v -1.978326 3.502510 -0.378320
v -1.989710 3.505812 -0.339328
v -1.993267 3.507619 -0.307695
v -2.014086 3.506324 -0.248262
v -1.854194 3.489748 -0.192249
v -1.877748 3.497938 -0.215727
v -1.837660 3.480314 -0.187599
v -1.828981 3.456487 -0.175640
v -1.841779 3.456893 -0.198238
v -1.919396 3.487592 -0.131987
v -1.936129 3.492436 -0.147394
v -1.926982 3.500559 -0.145047
v -1.912176 3.473763 -0.127074
v -1.923015 3.464135 -0.129855
v -1.921635 3.474167 -0.149508
v -1.927463 3.488952 -0.161204
v -1.914351 3.460651 -0.143665
v -1.946673 3.487302 -0.126547
v -1.954557 3.488373 -0.136386
v -1.949317 3.493027 -0.135042
v -1.940833 3.477674 -0.124745
v -1.947042 3.472158 -0.126338
v -1.947956 3.479611 -0.136585
v -1.949591 3.486376 -0.144298
v -1.942080 3.470163 -0.134250
v -1.956775 3.481947 -0.128159
v -1.860614 3.514778 -0.241381
v -1.891325 3.511085 -0.258305
v -1.935144 3.505829 -0.278492
v -2.019931 3.503211 -0.271471
v -2.040051 3.502191 -0.273452
v -2.043569 3.472417 -0.268469
v -2.015491 3.471086 -0.269742
v -1.932648 3.482214 -0.268058
v -1.882790 3.483533 -0.212221
v -1.864884 3.470633 -0.204362
v -1.845837 3.509047 -0.311051
v -1.893267 3.493344 -0.205053
v -1.888154 3.493124 -0.145422
v -1.876386 3.477123 -0.139193
v -1.881532 3.458644 -0.141359
v -1.884105 3.455168 -0.159558
v -1.897740 3.476173 -0.169057
v -1.904298 3.491125 -0.178453
v -1.903691 3.500324 -0.168857
v -1.902951 3.505177 -0.158308
v -1.915926 3.474647 -0.154179
v -1.907123 3.459341 -0.147463
v -1.913103 3.462823 -0.132604
v -1.903624 3.474565 -0.129969
v -1.911931 3.488914 -0.135198
v -1.919496 3.502103 -0.148154
v -1.928378 3.494321 -0.152523
v -1.921927 3.489472 -0.165326
v -1.809306 3.466324 -0.332170
v -1.813414 3.508029 -0.340170
v -1.819889 3.515333 -0.296496
v -1.823743 3.518797 -0.259682
v -1.834475 3.513242 -0.207633
v -1.816300 3.474176 -0.257986
v -1.860059 3.492050 -0.161995
v -1.848854 3.470947 -0.153952
v -1.853656 3.449254 -0.156989
v -1.856917 3.451294 -0.181104
v -1.873628 3.471452 -0.186887
v -1.883326 3.486369 -0.198569
v -1.885054 3.506429 -0.176934
v -1.870046 3.509649 -0.174364
v -1.996489 3.474355 -0.276681
v -2.008248 3.467372 -0.278097
v -2.010572 3.503445 -0.280589
v -1.998538 3.508039 -0.279220
v -2.050197 3.498240 -0.256729
v -1.891640 3.468014 -0.373503
v -1.895029 3.500033 -0.377277
v -1.906025 3.503148 -0.329933
v -1.912068 3.507248 -0.304685
v -1.918810 3.507939 -0.274509
v -1.940590 3.511929 -0.246606
v -1.937438 3.487799 -0.236154
v -1.907219 3.485873 -0.253443
v -1.910030 3.476118 -0.300566
v -1.904199 3.471546 -0.326625
v -2.043300 3.485965 -0.325143
v -2.028863 3.484722 -0.367716
v -2.037978 3.485588 -0.295247
v -1.724686 3.464388 -0.201219
v -1.722700 3.499987 -0.200895
v -1.711839 3.511821 -0.240141
v -1.720425 3.502640 -0.260358
v -1.716796 3.465483 -0.269262
v -1.718472 3.440167 -0.226254
v -0.057918 0.236999 -0.173390
v -0.129063 0.235692 -0.128910
v -0.097106 0.240219 -0.006260
v 0.030924 0.247400 -0.156487
v -0.041060 0.230857 0.015450
v 0.026222 0.231024 -0.055586
v 0.062451 0.140209 -0.154684
v -0.052797 0.138635 -0.183927
v -0.154304 0.136271 -0.136257
v -0.166294 0.138790 -0.095179
v 0.048274 0.142711 -0.099609
v 0.053977 0.145085 -0.014562
v 0.049899 0.171290 0.011974
v -0.039815 0.173992 0.034317
v -0.136428 0.174689 0.017724
v -0.162482 0.144804 0.002238
v -0.076163 3.563635 -0.168945
v -0.017298 3.571442 -0.301229
v -0.001569 3.553230 -0.091960
v -0.105656 3.557777 -0.163264
v -0.044995 3.564348 -0.308951
v -0.027455 3.545979 -0.087029
v -0.012808 3.660606 -0.170794
v 0.023344 3.668166 -0.277406
v -1.825226 3.452648 -0.199886
v -1.799587 3.469012 -0.255679
v -1.792893 3.465770 -0.320387
v -1.796358 3.509130 -0.323019
v -1.801217 3.515832 -0.283181
v -1.807752 3.514965 -0.246676
v -1.821252 3.454618 -0.180490
v -1.818858 3.510120 -0.206901
v -0.002934 3.972228 -0.338645
v -0.079133 3.955907 -0.265616
v -0.079133 4.021823 -0.141634
v -0.013091 4.035026 0.024447
v -0.059920 4.011962 -0.018517
v -0.090785 3.982978 -0.055762
v -0.081477 3.783273 -0.075156
v -0.074981 3.746081 -0.065937
v -0.045319 3.698220 -0.010906
v -0.007241 3.675361 0.017269
v -0.085247 4.002851 -0.056788
v -0.090057 3.899567 -0.090621
v -0.084308 3.811375 -0.083593
v -0.062630 3.710880 -0.031981
v -0.071982 3.897685 -0.137859
v -0.073130 3.891661 -0.260594
v 0.001055 3.892821 -0.329270
v -0.002215 4.015569 0.018924
v -0.043952 3.995013 -0.019369
v -0.066526 3.986892 -0.053480
v -0.065689 3.816230 -0.077371
v -0.063166 3.791183 -0.069851
v -0.070813 3.894836 -0.083635
v -0.057376 3.758035 -0.061634
v -0.046368 3.726661 -0.031369
v -0.030939 3.715377 -0.012585
v 0.003000 3.695003 0.012526
v -0.071462 3.969178 -0.052565
v 0.018670 3.978208 -0.057577
v -0.013292 3.962465 -0.086901
v -0.030579 3.956246 -0.113023
v -0.029938 3.825554 -0.131319
v -0.028006 3.806374 -0.125560
v -0.033862 3.885748 -0.136116
v -0.023571 3.780987 -0.119267
v -0.015140 3.756961 -0.096090
v -0.003327 3.748320 -0.081706
v 0.022664 3.732718 -0.062476
v -0.034359 3.942680 -0.112323
v 0.030758 3.875877 -0.098452
v 0.004453 3.873321 -0.098452
v -0.009775 3.872311 -0.098452
v -0.009247 3.851090 -0.098452
v -0.007657 3.847975 -0.098452
v -0.012476 3.860864 -0.098452
v -0.004008 3.843853 -0.098452
v 0.002930 3.839952 -0.098452
v 0.012654 3.838548 -0.098452
v 0.034044 3.836015 -0.098452
v -0.012886 3.870108 -0.098452
v 0.004752 3.980627 0.035991
v 0.000848 4.035514 0.004795
v -0.043274 3.954676 -0.003250
v -0.047178 4.009563 -0.034446
v -0.065564 3.940776 -0.034851
v -0.069468 3.995664 -0.066048
v -0.065564 3.940775 -0.100686
v -0.069468 3.995664 -0.131882
v 0.007807 3.736188 0.024609
v 0.003869 3.690456 -0.006587
v -0.040628 3.757810 -0.014633
v -0.044566 3.712078 -0.045828
v -0.054157 3.803381 -0.071021
v -0.058095 3.757650 -0.102216
v -0.053853 3.883996 -0.107073
v -0.057791 3.881928 -0.162392
v -0.072164 3.896732 -0.157256
v -0.072859 3.893082 -0.231647
v -0.075830 3.953677 -0.160215
v -0.077742 3.969711 -0.193496
v -0.078141 3.952911 -0.238337
v -0.075035 3.915948 -0.236293
v -0.069337 3.856078 -0.224129
v -0.067518 3.831793 -0.186660
v -0.061278 3.912265 -0.226964
v -0.059629 3.894940 -0.223443
v -0.063631 3.940270 -0.228513
v -0.063329 3.952999 -0.194538
v -0.061880 3.940851 -0.169323
v -0.059103 3.897707 -0.167081
v -0.055583 3.848505 -0.189359
v -0.056961 3.866904 -0.217747
v -0.297702 3.566732 -0.190734
v -0.331857 3.474054 -0.131774
v -0.350637 3.348071 -0.164758
v -0.362914 3.352533 -0.339047
v -0.334485 3.475228 -0.375507
v -0.267328 3.566380 -0.329468
v -0.952656 3.543639 -0.182330
v -0.986698 3.493749 -0.165699
v -1.003524 3.434376 -0.196339
v -0.979910 3.441803 -0.284205
v -0.950857 3.506861 -0.289300
v -0.930005 3.547667 -0.255361
v -1.130190 3.470564 -0.198439
v -1.108035 3.523078 -0.212460
v -1.083945 3.536365 -0.273710
v -1.117413 3.503244 -0.311318
v -1.135242 3.441899 -0.313282
v -1.138374 3.427185 -0.223740
v -1.834046 3.514142 -0.227460
v -1.817743 3.510560 -0.221027
v -1.951521 3.487152 -0.141224
v -1.930830 3.490305 -0.155838
v -1.924434 3.491356 -0.160352
v -1.904061 3.494699 -0.174725
v -1.882127 3.497377 -0.185327
v -1.886394 3.486238 -0.212007
v -1.916866 3.491333 -0.242912
v -1.951531 3.479941 -0.261203
v -1.956455 3.507215 -0.267499
v -1.928661 3.508842 -0.263400
v -1.890398 3.512794 -0.247648
v -1.859156 3.513263 -0.229496
v -1.834412 3.513744 -0.219317
v -1.818333 3.510456 -0.215260
v -1.948458 3.472375 -0.330431
v -1.934158 3.470373 -0.376726
v -1.937575 3.501439 -0.379144
v -1.951874 3.503441 -0.332849
v -1.954696 3.506495 -0.304185
v -1.962334 3.504652 -0.277404
v -1.959530 3.474875 -0.271658
v -1.951280 3.475428 -0.301767
v -1.991883 3.505685 -0.247017
v -1.991589 3.474186 -0.244889
v -1.984630 3.471672 -0.264873
v -1.984624 3.503074 -0.268190
v -1.911621 3.472747 -0.327373
v -1.896177 3.469015 -0.374731
v -1.899709 3.500183 -0.378316
v -1.911824 3.503647 -0.329923
v -1.916681 3.507382 -0.304304
v -1.922611 3.506941 -0.276778
v -1.941971 3.507899 -0.266207
v -1.955690 3.509479 -0.248069
v -1.956598 3.477074 -0.245315
v -1.938918 3.477896 -0.260113
v -1.917128 3.484412 -0.260411
v -1.916148 3.479795 -0.298397
vt 0.757420 0.042145
vt 0.777761 0.048645
vt 0.772576 0.077671
vt 0.751342 0.072950
vt 0.666133 0.070736
vt 0.683137 0.061568
vt 0.706685 0.082553
vt 0.682230 0.095760
vt 0.706147 0.106059
vt 0.717946 0.081432
vt 0.717958 0.106575
vt 0.694519 0.056921
vt 0.754907 0.096991
vt 0.761638 0.036173
vt 0.786266 0.035627
vt 0.862426 0.728918
vt 0.782621 0.710568
vt 0.868032 0.713656
vt 0.800235 0.023211
vt 0.810213 0.023515
vt 0.807507 0.038174
vt 0.796331 0.705867
vt 0.808593 0.099293
vt 0.874024 0.709663
vt 0.862043 0.699800
vt 0.868851 0.690791
vt 0.878592 0.698446
vt 0.756738 0.720378
vt 0.884811 0.720971
vt 0.780646 0.703544
vt 0.777353 0.690156
vt 0.793669 0.015598
vt 0.887834 0.429499
vt 0.900238 0.437765
vt 0.607011 0.358579
vt 0.617106 0.354607
vt 0.626175 0.326392
vt 0.656367 0.323036
vt 0.870824 0.400624
vt 0.632016 0.339701
vt 0.596038 0.342640
vt 0.604528 0.335001
vt 0.933885 0.422994
vt 0.915784 0.415963
vt 0.931760 0.402426
vt 0.578273 0.205313
vt 0.974312 0.265436
vt 0.588844 0.224754
vt 0.582575 0.225946
vt 0.894140 0.391186
vt 0.907683 0.376856
vt 0.925770 0.389882
vt 0.906890 0.409526
vt 0.965603 0.283204
vt 0.970801 0.287448
vt 0.573409 0.279218
vt 0.588779 0.281454
vt 0.595041 0.309815
vt 0.578462 0.308816
vt 0.613193 0.273711
vt 0.620252 0.301739
vt 0.641506 0.260475
vt 0.889899 0.336445
vt 0.918412 0.353861
vt 0.931379 0.327723
vt 0.941745 0.367905
vt 0.953447 0.341028
vt 0.958280 0.370753
vt 0.969194 0.342696
vt 0.996814 0.345491
vt 0.547148 0.308010
vt 0.975098 0.305981
vt 0.998752 0.299052
vt 0.576582 0.242493
vt 0.599539 0.235548
vt 0.614611 0.215305
vt 0.954650 0.293014
vt 0.956203 0.381999
vt 0.981597 0.381890
vt 0.545423 0.321475
vt 0.955886 0.393050
vt 0.571152 0.330341
vt 0.572167 0.319843
vt 0.584338 0.320344
vt 0.614080 0.687126
vt 0.655828 0.690410
vt 0.198923 0.767295
vt 0.165707 0.714120
vt 0.303768 0.597515
vt 0.116051 0.543306
vt 0.103572 0.509652
vt 0.083271 0.546977
vt 0.075743 0.518318
vt 0.342857 0.573775
vt 0.787365 0.833173
vt 0.734569 0.741572
vt 0.744651 0.905985
vt 0.070760 0.499331
vt 0.552807 0.612108
vt 0.461487 0.767532
vt 0.477970 0.804805
vt 0.996794 0.778360
vt 0.996361 0.727998
vt 0.970746 0.707319
vt 0.663087 0.897459
vt 0.664724 0.897062
vt 0.724868 0.771833
vt 0.772352 0.833377
vt 0.564915 0.476560
vt 0.331285 0.498566
vt 0.738651 0.892869
vt 0.517498 0.483709
vt 0.663771 0.780719
vt 0.382323 0.497333
vt 0.671773 0.887532
vt 0.676708 0.874913
vt 0.562791 0.462078
vt 0.331965 0.484028
vt 0.515245 0.469502
vt 0.381396 0.483027
vt 0.462845 0.475523
vt 0.421604 0.481459
vt 0.664376 0.835870
vt 0.184699 0.636584
vt 0.365697 0.664134
vt 0.381421 0.769966
vt 0.164703 0.673913
vt 0.135504 0.618380
vt 0.164646 0.594475
vt 0.355911 0.610149
vt 0.668562 0.766936
vt 0.563377 0.599542
vt 0.583915 0.632026
vt 0.725673 0.694810
vt 0.689764 0.682881
vt 0.658778 0.673444
vt 0.623308 0.666253
vt 0.103671 0.624815
vt 0.366817 0.556167
vt 0.385078 0.596926
vt 0.740908 0.689973
vt 0.884382 0.690895
vt 0.895787 0.689268
vt 0.970514 0.735673
vt 0.965089 0.776089
vt 0.771951 0.673491
vt 0.691307 0.665082
vt 0.663775 0.653473
vt 0.687208 0.592892
vt 0.697502 0.603102
vt 0.603291 0.613375
vt 0.581463 0.589053
vt 0.623740 0.545256
vt 0.649053 0.550944
vt 0.555862 0.573019
vt 0.726972 0.619889
vt 0.634727 0.641023
vt 0.675414 0.571154
vt 0.750609 0.495710
vt 0.744439 0.484302
vt 0.747023 0.472385
vt 0.756917 0.484956
vt 0.711044 0.463050
vt 0.696681 0.460313
vt 0.703515 0.447294
vt 0.718462 0.451961
vt 0.685664 0.457817
vt 0.770832 0.496607
vt 0.731882 0.473523
vt 0.737861 0.463381
vt 0.646022 0.463321
vt 0.637232 0.465423
vt 0.866265 0.030695
vt 0.646051 0.457788
vt 0.863351 0.010719
vt 0.662258 0.460623
vt 0.662986 0.454134
vt 0.675148 0.458549
vt 0.656728 0.463333
vt 0.656429 0.457440
vt 0.859169 0.022378
vt 0.864933 0.017913
vt 0.739576 0.493607
vt 0.727329 0.482325
vt 0.706512 0.473498
vt 0.689458 0.469944
vt 0.677009 0.466408
vt 0.746583 0.507228
vt 0.628359 0.653679
vt 0.660632 0.663131
vt 0.594032 0.623209
vt 0.573380 0.595121
vt 0.726615 0.684352
vt 0.690489 0.673650
vt 0.742778 0.513182
vt 0.735030 0.500459
vt 0.671730 0.470689
vt 0.685374 0.475610
vt 0.703127 0.479451
vt 0.723808 0.488397
vt 0.816658 0.341377
vt 0.808080 0.337777
vt 0.855896 0.021711
vt 0.855986 0.030694
vt 0.797240 0.329943
vt 0.672184 0.466494
vt 0.789571 0.323370
vt 0.662466 0.463503
vt 0.782279 0.321796
vt 0.657462 0.466436
vt 0.824774 0.345822
vt 0.646759 0.466818
vt 0.742468 0.456588
vt 0.752103 0.464949
vt 0.722895 0.445334
vt 0.707777 0.440143
vt 0.772946 0.488798
vt 0.761234 0.476704
vt 0.648046 0.842034
vt 0.644742 0.839830
vt 0.648728 0.800797
vt 0.654080 0.774779
vt 0.643490 0.839281
vt 0.546352 0.362072
vt 0.334473 0.379937
vt 0.494735 0.379328
vt 0.377436 0.375936
vt 0.455581 0.380692
vt 0.417531 0.378790
vt 0.327442 0.282300
vt 0.297473 0.276300
vt 0.461477 0.018571
vt 0.349393 0.032991
vt 0.483566 0.258119
vt 0.433133 0.028938
vt 0.370671 0.277935
vt 0.372521 0.029581
vt 0.437383 0.262084
vt 0.417756 0.028804
vt 0.400271 0.271208
vt 0.393295 0.030804
vt 0.334316 0.369172
vt 0.336171 0.337893
vt 0.369713 0.333887
vt 0.373552 0.364975
vt 0.308644 0.367881
vt 0.538273 0.312117
vt 0.489297 0.361597
vt 0.483156 0.308531
vt 0.455015 0.359999
vt 0.447943 0.308609
vt 0.421350 0.363685
vt 0.412119 0.327469
vt 0.900832 0.020056
vt 0.891890 0.022280
vt 0.894652 0.013551
vt 0.904035 0.011756
vt 0.895769 0.001053
vt 0.677991 0.428410
vt 0.680779 0.420385
vt 0.689905 0.423489
vt 0.883784 0.022060
vt 0.888058 0.003786
vt 0.673896 0.435010
vt 0.914157 0.020485
vt 0.911502 0.020424
vt 0.912420 0.012874
vt 0.914753 0.013556
vt 0.912246 0.000225
vt 0.682394 0.415314
vt 0.682825 0.413681
vt 0.690248 0.416093
vt 0.669103 0.408965
vt 0.669033 0.411326
vt 0.661686 0.408867
vt 0.662246 0.404092
vt 0.638947 0.397624
vt 0.641916 0.401304
vt 0.632905 0.403848
vt 0.921932 0.036387
vt 0.675963 0.375715
vt 0.930155 0.023884
vt 0.931040 0.016296
vt 0.687198 0.380108
vt 0.930427 0.005310
vt 0.685457 0.398821
vt 0.686078 0.394148
vt 0.694856 0.390985
vt 0.632967 0.390732
vt 0.931945 0.037907
vt 0.622769 0.387591
vt 0.632110 0.389741
vt 0.676560 0.394489
vt 0.680833 0.388578
vt 0.920373 0.021956
vt 0.921709 0.014762
vt 0.921551 0.002525
vt 0.683856 0.407303
vt 0.671456 0.402487
vt 0.670114 0.391032
vt 0.664132 0.399328
vt 0.635832 0.394481
vt 0.627740 0.396609
vt 0.621001 0.419680
vt 0.619019 0.421815
vt 0.614549 0.419821
vt 0.613815 0.416505
vt 0.616955 0.427494
vt 0.611524 0.424113
vt 0.615066 0.432325
vt 0.610779 0.435260
vt 0.893963 0.061879
vt 0.609126 0.427841
vt 0.889773 0.052567
vt 0.893965 0.057730
vt 0.611492 0.416097
vt 0.612949 0.418922
vt 0.607723 0.416672
vt 0.606869 0.415466
vt 0.609817 0.422974
vt 0.606198 0.418162
vt 0.607387 0.426225
vt 0.603340 0.424921
vt 0.602660 0.417198
vt 0.604303 0.419338
vt 0.899199 0.058119
vt 0.615051 0.414440
vt 0.608119 0.414092
vt 0.605110 0.413909
vt 0.607565 0.414648
vt 0.613621 0.415059
vt 0.895272 0.059345
vt 0.602113 0.414478
vt 0.604921 0.416002
vt 0.639764 0.430367
vt 0.644020 0.428322
vt 0.643040 0.435757
vt 0.640194 0.436560
vt 0.643300 0.420003
vt 0.647164 0.418221
vt 0.646645 0.397930
vt 0.648855 0.401474
vt 0.632344 0.384212
vt 0.635628 0.385659
vt 0.934330 0.032213
vt 0.628584 0.378880
vt 0.662870 0.435244
vt 0.665218 0.427857
vt 0.653671 0.436086
vt 0.655898 0.428371
vt 0.660755 0.418864
vt 0.668583 0.418908
vt 0.898520 0.056372
vt 0.896319 0.050828
vt 0.617067 0.415056
vt 0.622706 0.416878
vt 0.615701 0.415501
vt 0.622052 0.418001
vt 0.623540 0.432467
vt 0.620443 0.437904
vt 0.616451 0.442103
vt 0.885528 0.044882
vt 0.892109 0.044374
vt 0.630163 0.417510
vt 0.627519 0.420828
vt 0.625684 0.423525
vt 0.626392 0.427384
vt 0.883191 0.005225
vt 0.671093 0.439795
vt 0.660950 0.440800
vt 0.651521 0.441228
vt 0.640796 0.440858
vt 0.642941 0.440468
vt 0.880108 0.037218
vt 0.877311 0.041337
vt 0.879360 0.021224
vt 0.914582 0.031279
vt 0.650003 0.391173
vt 0.631874 0.433300
vt 0.636908 0.424033
vt 0.630292 0.439101
vt 0.624506 0.444195
vt 0.884094 0.039092
vt 0.891151 0.039408
vt 0.897019 0.038812
vt 0.633634 0.417050
vt 0.899579 0.041967
vt 0.646999 0.427063
vt 0.645073 0.435309
vt 0.913383 0.028862
vt 0.909019 0.029804
vt 0.662346 0.379469
vt 0.655679 0.387255
vt 0.665760 0.375792
vt 0.672888 0.386667
vt 0.665219 0.387080
vt 0.666878 0.384865
vt 0.659298 0.394249
vt 0.653610 0.405983
vt 0.653685 0.401123
vt 0.649898 0.417080
vt 0.629421 0.384511
vt 0.682102 0.416319
vt 0.690103 0.419067
vt 0.669019 0.412712
vt 0.661767 0.410144
vt 0.653026 0.407498
vt 0.643727 0.404858
vt 0.649278 0.405768
vt 0.912380 0.037331
vt 0.907683 0.034349
vt 0.910002 0.019297
vt 0.906068 0.030852
vt 0.910543 0.012477
vt 0.679810 0.382960
vt 0.687090 0.387976
vt 0.670788 0.380714
vt 0.579317 0.364224
vt 0.586618 0.385793
vt 0.556746 0.338376
vt 0.943253 0.430544
vt 0.982526 0.397911
vt 0.958218 0.407154
vt 0.590357 0.358034
vt 0.599656 0.384056
vt 0.946231 0.384207
vt 0.941449 0.783032
vt 0.787475 0.670519
vt 0.748455 0.694188
vt 0.774581 0.681747
vt 0.789568 0.678365
vt 0.976890 0.731246
vt 0.972672 0.776555
vt 0.942115 0.785319
vt 0.951257 0.720516
vt 0.922950 0.723097
vt 0.918050 0.709199
vt 0.791593 0.686278
vt 0.794773 0.699182
vt 0.732504 0.078388
vt 0.737766 0.102846
vt 0.725131 0.046403
vt 0.731087 0.071585
vt 0.739520 0.067744
vt 0.744162 0.056746
vt 0.726425 0.050938
vt 0.658082 0.045607
vt 0.662938 0.023735
vt 0.994992 0.620348
vt 0.994544 0.609461
vt 0.965651 0.561020
vt 0.968762 0.567442
vt 0.979792 0.586732
vt 0.962036 0.552669
vt 0.952721 0.535641
vt 0.957610 0.541261
vt 0.942176 0.527021
vt 0.992452 0.605610
vt 0.712406 0.056028
vt 0.710280 0.065565
vt 0.717063 0.075103
vt 0.725906 0.073536
vt 0.990288 0.636799
vt 0.989514 0.621678
vt 0.988082 0.610953
vt 0.964610 0.570252
vt 0.961574 0.563995
vt 0.974766 0.588526
vt 0.957387 0.555730
vt 0.953008 0.544840
vt 0.948700 0.539662
vt 0.939843 0.532267
vt 0.986663 0.606157
vt 0.970667 0.086208
vt 0.869202 0.659917
vt 0.055289 0.156737
vt 0.063625 0.149248
vt 0.070705 0.145728
vt 0.065665 0.112789
vt 0.063517 0.108506
vt 0.071079 0.126170
vt 0.060927 0.102713
vt 0.055016 0.097246
vt 0.050608 0.095314
vt 0.042856 0.091702
vt 0.070585 0.142260
vt 0.885179 0.643687
vt 0.048239 0.129486
vt 0.054970 0.127654
vt 0.058685 0.126957
vt 0.057453 0.121554
vt 0.056940 0.120814
vt 0.058653 0.123953
vt 0.055875 0.119913
vt 0.053962 0.119214
vt 0.051380 0.119275
vt 0.045715 0.119671
vt 0.059402 0.126347
vt 0.035420 0.131983
vt 0.033806 0.122606
vt 0.033619 0.121507
vt 0.576276 0.505219
vt 0.576172 0.489230
vt 0.593166 0.489068
vt 0.593271 0.505057
vt 0.603488 0.490240
vt 0.603592 0.506229
vt 0.618019 0.498353
vt 0.618123 0.514342
vt 0.659050 0.002730
vt 0.675642 0.001029
vt 0.675439 0.015057
vt 0.658847 0.016758
vt 0.694225 0.002535
vt 0.694022 0.016563
vt 0.724263 0.020313
vt 0.712878 0.028512
vt 0.729917 0.067996
vt 0.726156 0.069557
vt 0.720024 0.071108
vt 0.715321 0.064337
vt 0.717029 0.058050
vt 0.726816 0.055044
vt 0.739208 0.058640
vt 0.736048 0.065623
vt 0.644420 0.440257
vt 0.641491 0.391994
vt 0.926434 0.031913
vt 0.654815 0.773234
vt 0.874896 0.683042
vt 0.879870 0.676633
vt 0.128782 0.721046
vt 0.122113 0.695416
vt 0.144322 0.781099
vt 0.432349 0.701645
vt 0.687299 0.720838
vt 0.661314 0.762595
vt 0.407153 0.642710
vt 0.942164 0.135725
vt 0.963770 0.106965
vt 0.909789 0.157754
vt 0.871789 0.157138
vt 0.857805 0.153110
vt 0.821636 0.126069
vt 0.811164 0.018362
vt 0.838321 0.141256
vt 0.919258 0.528383
vt 0.919483 0.533811
vt 0.028780 0.093820
vt 0.555787 0.503708
vt 0.556718 0.487756
vt 0.640194 0.013974
vt 0.639425 0.000005
vt 0.852825 0.059807
vt 0.847472 0.090747
vt 0.825950 0.087555
vt 0.831520 0.058599
vt 0.927826 0.119184
vt 0.903837 0.136787
vt 0.885731 0.115700
vt 0.915231 0.104536
vt 0.877818 0.137841
vt 0.866605 0.134094
vt 0.875618 0.110623
vt 0.906267 0.096123
vt 0.835536 0.111918
vt 0.828251 0.043402
vt 0.851025 0.052722
vt 0.836769 0.708617
vt 0.810307 0.703300
vt 0.847564 0.697796
vt 0.819650 0.026805
vt 0.849200 0.690901
vt 0.858676 0.683562
vt 0.837718 0.701578
vt 0.835004 0.683674
vt 0.809258 0.696214
vt 0.806115 0.682951
vt 0.828506 0.022043
vt 0.870380 0.285138
vt 0.821401 0.545856
vt 0.829163 0.551082
vt 0.814934 0.575892
vt 0.805358 0.523270
vt 0.802210 0.535508
vt 0.898517 0.292000
vt 0.929389 0.279614
vt 0.828217 0.532492
vt 0.835362 0.541698
vt 0.856265 0.247539
vt 0.876500 0.238960
vt 0.871552 0.252639
vt 0.982884 0.148291
vt 0.850122 0.425543
vt 0.843873 0.424355
vt 0.840929 0.402304
vt 0.899310 0.266180
vt 0.880721 0.256269
vt 0.890493 0.239806
vt 0.909824 0.253803
vt 0.978096 0.170869
vt 0.972565 0.167118
vt 0.859397 0.478712
vt 0.854180 0.508279
vt 0.837668 0.508518
vt 0.844029 0.480635
vt 0.812175 0.499816
vt 0.819533 0.472602
vt 0.782313 0.491681
vt 0.973230 0.232740
vt 0.926539 0.235585
vt 0.946419 0.215700
vt 0.905079 0.218025
vt 0.926683 0.198782
vt 0.896489 0.203690
vt 0.920052 0.184526
vt 0.882326 0.179600
vt 0.889184 0.474924
vt 0.953568 0.168182
vt 0.879263 0.426533
vt 0.856183 0.442033
vt 0.833256 0.435001
vt 0.997900 0.185897
vt 0.972002 0.183942
vt 0.886343 0.209606
vt 0.875732 0.214087
vt 0.871827 0.189742
vt 0.887060 0.516239
vt 0.860711 0.530490
vt 0.848190 0.519635
vt 0.860136 0.519750
vt 0.792428 0.310720
vt 0.092933 0.733040
vt 0.089905 0.795393
vt 0.749907 0.322021
vt 0.018782 0.593506
vt 0.047204 0.524443
vt 0.052913 0.559863
vt 0.395900 0.550004
vt 0.389775 0.520256
vt 0.581017 0.671191
vt 0.645772 0.956310
vt 0.824787 0.218043
vt 0.892582 0.809195
vt 0.876064 0.740856
vt 0.865848 0.766995
vt 0.661431 0.897872
vt 0.617158 0.728727
vt 0.232945 0.501653
vt 0.280674 0.500496
vt 0.601965 0.991100
vt 0.047293 0.482347
vt 0.633267 0.949360
vt 0.639708 0.777589
vt 0.616360 0.792549
vt 0.099414 0.489114
vt 0.646962 0.895024
vt 0.232652 0.487114
vt 0.279777 0.485805
vt 0.049830 0.468196
vt 0.183197 0.484890
vt 0.102147 0.475390
vt 0.617489 0.840887
vt 0.143114 0.482340
vt 0.517626 0.709741
vt 0.448562 0.627288
vt 0.493754 0.605521
vt 0.074357 0.697781
vt 0.072809 0.634854
vt 0.458552 0.571748
vt 0.414375 0.583972
vt 0.651391 0.762720
vt 0.800210 0.245538
vt 0.811115 0.208486
vt 0.830390 0.180582
vt 0.715365 0.325866
vt 0.741176 0.307078
vt 0.772163 0.288737
vt 0.837822 0.664705
vt 0.893812 0.762808
vt 0.906288 0.738577
vt 0.864646 0.676242
vt 0.802602 0.665899
vt 0.917809 0.790196
vt 0.708206 0.309290
vt 0.684200 0.250829
vt 0.690598 0.237961
vt 0.729930 0.289547
vt 0.776211 0.232588
vt 0.714137 0.186743
vt 0.737095 0.175052
vt 0.790701 0.204251
vt 0.758727 0.162577
vt 0.677578 0.329633
vt 0.694590 0.213569
vt 0.754845 0.268465
vt 0.601679 0.164119
vt 0.592472 0.155680
vt 0.598237 0.140745
vt 0.604188 0.151383
vt 0.629906 0.121342
vt 0.619583 0.112910
vt 0.632545 0.104112
vt 0.642882 0.114614
vt 0.582625 0.170932
vt 0.587137 0.179494
vt 0.604372 0.129451
vt 0.613015 0.137389
vt 0.016881 0.080329
vt 0.021507 0.077292
vt 0.256422 0.051582
vt 0.251135 0.056047
vt 0.002380 0.058497
vt 0.272482 0.066352
vt 0.015377 0.061062
vt 0.010320 0.065199
vt 0.016159 0.068373
vt 0.011046 0.071326
vt 0.263598 0.062213
vt 0.256888 0.063014
vt 0.611577 0.158839
vt 0.619913 0.144456
vt 0.637248 0.130003
vt 0.652583 0.121808
vt 0.597317 0.188324
vt 0.608968 0.173936
vt 0.736110 0.297711
vt 0.763534 0.278213
vt 0.787958 0.239653
vt 0.800216 0.207519
vt 0.820032 0.182231
vt 0.711702 0.317280
vt 0.614391 0.178489
vt 0.617964 0.164026
vt 0.603952 0.193634
vt 0.658116 0.126122
vt 0.642191 0.134707
vt 0.625039 0.149212
vt 0.493495 0.035748
vt 0.016498 0.090230
vt 0.254107 0.065422
vt 0.500646 0.029808
vt 0.265959 0.070891
vt 0.508718 0.019164
vt 0.007787 0.066588
vt 0.514137 0.010646
vt 0.008041 0.072395
vt 0.479794 0.051467
vt 0.013544 0.081615
vt 0.487027 0.042367
vt 0.591227 0.135123
vt 0.598006 0.124314
vt 0.613422 0.107875
vt 0.626387 0.098510
vt 0.640911 0.093362
vt 0.585928 0.149045
vt 0.639492 0.843386
vt 0.642415 0.840188
vt 0.232840 0.382986
vt 0.262093 0.384425
vt 0.072432 0.378487
vt 0.189850 0.377933
vt 0.111605 0.380780
vt 0.149690 0.379832
vt 0.242427 0.285505
vt 0.226307 0.035755
vt 0.243835 0.034951
vt 0.043883 0.253840
vt 0.142593 0.029674
vt 0.086600 0.257598
vt 0.199039 0.280121
vt 0.203190 0.031791
vt 0.157975 0.029916
vt 0.132641 0.262654
vt 0.169500 0.272652
vt 0.182385 0.032497
vt 0.233268 0.372236
vt 0.194055 0.367064
vt 0.198705 0.336088
vt 0.232176 0.340902
vt 0.026520 0.345617
vt 0.254829 0.339988
vt 0.085762 0.307991
vt 0.078324 0.360894
vt 0.120992 0.308912
vt 0.112678 0.360111
vt 0.146275 0.364624
vt 0.156409 0.328631
vt 0.290010 0.037832
vt 0.297284 0.043128
vt 0.288804 0.046681
vt 0.281454 0.041241
vt 0.297027 0.056415
vt 0.305927 0.051766
vt 0.034083 0.027796
vt 0.028853 0.034487
vt 0.015693 0.037024
vt 0.275639 0.046992
vt 0.025527 0.041505
vt 0.301177 0.030633
vt 0.305274 0.036263
vt 0.303646 0.038010
vt 0.298871 0.031944
vt 0.031078 0.018568
vt 0.312003 0.047548
vt 0.038603 0.022444
vt 0.037467 0.023694
vt 0.050013 0.031395
vt 0.057828 0.034499
vt 0.054122 0.037566
vt 0.048068 0.032738
vt 0.075930 0.050533
vt 0.077138 0.058309
vt 0.295071 0.014706
vt 0.071224 0.050047
vt 0.074195 0.007531
vt 0.064361 0.000508
vt 0.317995 0.025735
vt 0.313481 0.019636
vt 0.323288 0.035236
vt 0.051073 0.000010
vt 0.053207 0.009094
vt 0.049629 0.012159
vt 0.084969 0.051789
vt 0.086268 0.051967
vt 0.093165 0.058623
vt 0.303259 0.003650
vt 0.060731 0.010459
vt 0.058106 0.017262
vt 0.310692 0.031782
vt 0.305959 0.026305
vt 0.037749 0.011894
vt 0.043389 0.018114
vt 0.054172 0.025898
vt 0.064521 0.020781
vt 0.060801 0.030322
vt 0.080263 0.051433
vt 0.300346 0.007397
vt 0.067047 0.077490
vt 0.073565 0.081674
vt 0.070444 0.082916
vt 0.066344 0.080308
vt 0.068612 0.087809
vt 0.062777 0.085161
vt 0.059825 0.089404
vt 0.066897 0.091869
vt 0.069325 0.095511
vt 0.255010 0.019640
vt 0.258408 0.014115
vt 0.259667 0.020633
vt 0.075226 0.083304
vt 0.078375 0.086690
vt 0.076902 0.086697
vt 0.072077 0.083732
vt 0.076561 0.088797
vt 0.070525 0.088575
vt 0.069230 0.092404
vt 0.076691 0.091007
vt 0.079401 0.091102
vt 0.255374 0.008819
vt 0.261446 0.009921
vt 0.080657 0.087201
vt 0.078782 0.084877
vt 0.074555 0.079438
vt 0.078644 0.085651
vt 0.074872 0.080980
vt 0.081937 0.089954
vt 0.257989 0.012070
vt 0.079061 0.088580
vt 0.047945 0.067627
vt 0.042510 0.070646
vt 0.041639 0.067819
vt 0.047355 0.062948
vt 0.054744 0.059028
vt 0.054146 0.054822
vt 0.071480 0.044240
vt 0.067304 0.044314
vt 0.090774 0.048753
vt 0.087771 0.046789
vt 0.097295 0.048993
vt 0.091941 0.041363
vt 0.036245 0.044913
vt 0.031310 0.050895
vt 0.040870 0.053013
vt 0.035593 0.059077
vt 0.041942 0.037232
vt 0.046227 0.043776
vt 0.262343 0.011579
vt 0.265238 0.016888
vt 0.073067 0.078245
vt 0.068509 0.074557
vt 0.067908 0.075701
vt 0.073346 0.079589
vt 0.055013 0.082385
vt 0.052190 0.087967
vt 0.256442 0.027510
vt 0.262513 0.028749
vt 0.267522 0.024321
vt 0.063953 0.068699
vt 0.061305 0.075684
vt 0.062582 0.072693
vt 0.057689 0.077203
vt 0.013011 0.041288
vt 0.023025 0.046456
vt 0.027682 0.055525
vt 0.032439 0.063679
vt 0.038575 0.072485
vt 0.037736 0.070470
vt 0.042358 0.088395
vt 0.263435 0.037778
vt 0.272688 0.050499
vt 0.297769 0.018311
vt 0.295531 0.020589
vt 0.054815 0.066570
vt 0.049768 0.075847
vt 0.045779 0.080350
vt 0.044685 0.087995
vt 0.265370 0.033766
vt 0.270522 0.028441
vt 0.063624 0.065242
vt 0.059978 0.067730
vt 0.276293 0.023578
vt 0.046798 0.059766
vt 0.040912 0.065869
vt 0.071766 0.036865
vt 0.291898 0.025244
vt 0.078389 0.021005
vt 0.302209 0.019348
vt 0.079639 0.016142
vt 0.066671 0.016073
vt 0.071441 0.020316
vt 0.070477 0.022741
vt 0.067683 0.031617
vt 0.064970 0.040069
vt 0.060932 0.042773
vt 0.053621 0.051911
vt 0.092119 0.051366
vt 0.309592 0.049282
vt 0.036781 0.024482
vt 0.046911 0.033502
vt 0.053006 0.038192
vt 0.059976 0.044087
vt 0.067252 0.050459
vt 0.063468 0.046293
vt 0.068767 0.057438
vt 0.287988 0.022367
vt 0.298127 0.033616
vt 0.288549 0.025991
vt 0.302343 0.039368
vt 0.065985 0.008253
vt 0.057827 0.004884
vt 0.072814 0.014645
vt 0.835991 0.266452
vt 0.850703 0.564836
vt 0.874278 0.539509
vt 0.845230 0.243211
vt 0.888876 0.532861
vt 0.861468 0.218376
vt 0.846566 0.273311
vt 0.840560 0.557563
vt 0.887935 0.219424
vt 0.833616 0.672486
vt 0.804431 0.674296
vt 0.886081 0.763531
vt 0.911752 0.794677
vt 0.899381 0.738952
vt 0.863115 0.102569
vt 0.849445 0.123522
vt 0.881450 0.075342
vt 0.878617 0.079114
vt 0.859977 0.078187
vt 0.860374 0.090119
vt 0.866873 0.096723
vt 0.944340 0.098602
vt 0.851371 0.626282
vt 0.851728 0.643533
vt 0.850920 0.615394
vt 0.875718 0.564736
vt 0.873148 0.571393
vt 0.863747 0.591526
vt 0.878632 0.556116
vt 0.886510 0.538377
vt 0.882101 0.544381
vt 0.838510 0.009195
vt 0.852687 0.611384
vt 0.871012 0.100400
vt 0.878708 0.105028
vt 0.888456 0.098551
vt 0.889885 0.088885
vt 0.856940 0.627155
vt 0.857415 0.642288
vt 0.857483 0.616349
vt 0.880027 0.567364
vt 0.877517 0.573850
vt 0.868903 0.592901
vt 0.883518 0.558782
vt 0.890849 0.542053
vt 0.886984 0.547568
vt 0.899065 0.533952
vt 0.858501 0.611453
vt 0.014799 0.157816
vt 0.025204 0.162031
vt 0.006947 0.156946
vt 0.001061 0.119434
vt 0.000500 0.124200
vt 0.000000 0.138697
vt 0.001523 0.113093
vt 0.008740 0.102618
vt 0.005240 0.105933
vt 0.905501 0.554169
vt 0.004853 0.153557
vt 0.015565 0.134532
vt 0.022516 0.133992
vt 0.011834 0.135109
vt 0.011448 0.128710
vt 0.011215 0.129575
vt 0.010892 0.132224
vt 0.012144 0.127505
vt 0.016159 0.125402
vt 0.013708 0.126205
vt 0.021624 0.123878
vt 0.010957 0.134757
vt 0.535261 0.502826
vt 0.518401 0.500690
vt 0.520364 0.484821
vt 0.537224 0.486958
vt 0.508013 0.500653
vt 0.509976 0.484784
vt 0.492638 0.507022
vt 0.494600 0.491152
vt 0.620218 0.004867
vt 0.621958 0.018788
vt 0.605280 0.018917
vt 0.603539 0.004996
vt 0.586975 0.022453
vt 0.585234 0.008532
vt 0.569543 0.036399
vt 0.557327 0.029499
vt 0.869250 0.093792
vt 0.876783 0.082807
vt 0.884845 0.089119
vt 0.884189 0.095600
vt 0.877374 0.100239
vt 0.872203 0.096596
vt 0.864376 0.089380
vt 0.863924 0.081728
vt 0.037110 0.069113
vt 0.079263 0.045329
vt 0.083976 0.038346
vt 0.159703 0.007467
vt 0.182437 0.010511
vt 0.205406 0.014316
vt 0.145489 0.007917
vt 0.226326 0.014986
vt 0.246262 0.017546
vt 0.393782 0.008823
vt 0.416583 0.006318
vt 0.370729 0.012066
vt 0.430781 0.007121
vt 0.349835 0.012220
vt 0.461073 0.000002
vt 0.986068 0.375596
vt 0.545112 0.315105
vt 0.913721 0.397576
vt 0.919777 0.406410
vt 0.605780 0.351250
vt 0.914835 0.445035
vt 0.615419 0.382211
vt 0.542399 0.331213
vt 0.980396 0.388098
vt 0.926952 0.450432
vt 0.553308 0.226741
vt 0.986222 0.272002
vt 0.591698 0.202508
vt 0.945658 0.268438
vt 0.907762 0.306519
vt 0.543470 0.274817
vt 0.875449 0.364798
vt 0.649903 0.292935
vt 0.654272 0.359087
vt 0.629026 0.378308
vt 0.612123 0.345015
vt 0.877559 0.186172
vt 0.885303 0.508780
vt 0.859289 0.280163
vt 0.828364 0.580839
vt 0.886484 0.522792
vt 0.861654 0.191763
vt 0.840018 0.585155
vt 0.854316 0.405121
vt 0.953323 0.143986
vt 0.818079 0.414989
vt 0.992554 0.157794
vt 0.791041 0.459536
vt 0.908799 0.159547
vt 0.950948 0.258281
vt 0.776277 0.521852
vt 0.804241 0.570903
vt 0.781504 0.555201
vt 0.141115 0.493409
vt 0.623119 0.887959
vt 0.182052 0.499153
vt 0.582779 0.920585
vt 0.571747 0.762812
vt 0.527471 0.736028
vt 0.465236 0.489388
vt 0.423430 0.492644
vt 0.670728 0.797063
vt 0.717813 0.862766
vt 0.713342 0.803908
vt 0.720365 0.832837
vt 0.331893 0.031791
vt 0.329872 0.014358
vt 0.313562 0.336399
vt 0.526258 0.255436
vt 0.305213 0.380580
vt 0.541445 0.347543
vt 0.284930 0.481329
vt 0.283640 0.496008
vt 0.115394 0.000004
vt 0.114506 0.018578
vt 0.272478 0.280256
vt 0.030559 0.310264
vt 0.258971 0.371605
vt 0.021213 0.360052
vt 0.002407 0.459784
vt 0.000000 0.474210
vt 0.029439 0.512635
vt 0.681494 0.924673
vt 0.448444 0.490850
vt 0.324763 0.549439
vt 0.113311 0.490661
vt 0.158796 0.511345
vt 0.572760 0.683913
vt 0.613632 1.000000
vt 0.544494 0.954856
vt 0.724714 0.333189
vt 0.684914 0.363703
vt 0.529167 0.749601
vt 0.821777 0.248685
vt 0.043832 0.765509
vt 0.074568 0.821946
vt 0.527471 0.587443
vt 0.683445 0.692930
vt 0.563957 0.640752
vt 0.402880 0.805015
vt 0.305434 0.770278
vt 0.225108 0.782304
vt 0.478153 0.032922
vt 0.484355 0.026264
vt 0.511243 0.000000
vt 0.506347 0.003698
vt 0.501023 0.012122
vt 0.491832 0.021158
vt 0.822636 0.329640
vt 0.830509 0.334201
vt 0.838398 0.341531
vt 0.795011 0.314458
vt 0.802557 0.320977
vt 0.813993 0.326937
vt 0.834333 0.352421
vt 0.692383 0.439399
vt 0.599390 0.539136
vt 0.757228 0.524496
vt 0.547640 0.576159
vt 0.726907 0.675007
vt 0.688766 0.448149
vt 0.789249 0.312337
vt 0.761980 0.517478
vt 0.537452 0.577376
vt 0.769064 0.506076
vt 0.731002 0.709303
vt 0.578289 0.164041
vt 0.520658 0.007022
vt 0.669848 0.117605
vt 0.661502 0.275706
vt 0.811071 0.181583
vt 0.680844 0.338610
vt 0.646943 0.100701
vt 0.472733 0.042230
vt 0.663552 0.114944
vt 0.685127 0.348467
vt 0.652745 0.109095
vt 0.842447 0.187769
vt 0.439622 0.536609
vt 0.035688 0.628303
vt 0.038815 0.674987
vt 0.564639 0.647620
vt 0.000000 0.552985
vt 0.356544 0.533242
vt 0.646106 0.706354
vt 0.097263 0.833518
vt 0.153754 0.817327
vt 0.077260 0.854610
vt 0.528653 0.786368
vt 0.944467 0.793466
vt 0.211081 0.804040
vt 0.239104 0.811982
vt 0.430145 0.830038
vt 0.863703 0.665142
vt 0.924291 0.726884
vt 0.785155 0.661887
vt 0.806970 0.654881
vt 0.841261 0.654164
vt 0.945664 0.724549
vt 0.762250 0.665977
vt 0.912138 0.710477
vt 0.977172 0.736777
vt 0.995546 0.721387
vt 0.970293 0.740189
vt 0.785790 0.092828
vt 0.822443 0.088162
vt 0.828527 0.058703
vt 0.775633 0.079493
vt 0.780519 0.049814
vt 0.895417 0.719800
vt 0.752481 0.703958
vt 0.901688 0.714277
vt 0.731492 0.684031
vt 0.759501 0.726964
vt 0.868147 0.724501
vt 0.821778 0.043725
vt 0.857608 0.705949
vt 0.792197 0.038244
vt 0.813517 0.005657
vt 0.896307 0.528917
vt 0.984421 0.658870
vt 0.947635 0.076441
vt 0.913354 0.073270
vt 0.917535 0.077519
vt 0.889151 0.065515
vt 0.851791 0.027664
vt 0.856052 0.040207
vt 0.848066 0.020355
vt 0.863181 0.047295
vt 0.868512 0.052696
vt 0.929657 0.074708
vt 0.788908 0.000011
vt 0.996059 0.637570
vt 0.690657 0.035517
vt 0.696083 0.033046
vt 0.721458 0.034469
vt 0.761424 0.022688
vt 0.769894 0.012502
vt 0.775988 0.007011
vt 0.752230 0.026755
vt 0.745318 0.029889
vt 0.680345 0.028553
vt 0.920359 0.554985
vt 0.014814 0.096595
vt 0.875709 0.630440
vt 0.040737 0.162133
vt 0.876761 0.608211
vt 0.876763 0.611671
vt 0.885330 0.596710
vt 0.896288 0.564866
vt 0.894906 0.572957
vt 0.899001 0.560611
vt 0.892244 0.578825
vt 0.890721 0.583356
vt 0.875039 0.618958
vt 0.935098 0.552946
vt 0.971080 0.626499
vt 0.968481 0.607882
vt 0.968198 0.604433
vt 0.958709 0.593678
vt 0.947206 0.570795
vt 0.945159 0.562845
vt 0.942105 0.558829
vt 0.950343 0.576424
vt 0.952236 0.580814
vt 0.970801 0.615002
vt 0.636946 0.046460
vt 0.637937 0.024608
vt 0.784580 0.094847
vt 0.704867 0.126235
vt 0.669166 0.113206
vt 0.646824 0.081048
vt 0.808185 0.096975
vt 0.741802 0.123388
vt 0.719366 0.127480
vt 0.762819 0.115181
vt 0.979995 0.655340
vt 0.962735 0.640482
vt 0.865083 0.663801
vt 0.005872 0.153647
vt 0.071906 0.141780
vt 0.317444 0.635044
vt 0.162297 0.555878
vt 0.319469 0.683672
vt 0.230119 0.721659
vt 0.263735 0.573642
vt 0.073985 0.058996
vt 0.289607 0.017336
vt 0.310540 0.048608
vt 0.030136 0.019249
vt 0.303526 0.011790
vt 0.075313 0.037738
vt 0.082886 0.059378
vt 0.297139 0.011788
vt 0.075511 0.030837
vt 0.296311 0.023457
vt 0.317097 0.042078
vt 0.032550 0.017520
vt 0.308993 0.006002
vt 0.062471 0.065543
vt 0.275591 0.024537
vt 0.258639 0.036538
vt 0.258608 0.034454
vt 0.285425 0.060489
vt 0.005074 0.053229
vt 0.255044 0.065832
vt 0.256558 0.063044
vt 0.000000 0.060037
vt 0.267688 0.068735
vt 0.276454 0.020657
vt 0.026532 0.021806
vt 0.324566 0.021448
vt 0.328373 0.030319
vt 0.309479 0.013540
vt 0.312260 0.011426
vt 0.317036 0.016996
vt 0.272525 0.022061
vt 0.050906 0.093619
vt 0.289874 0.058586
vt 0.266179 0.008423
vt 0.266969 0.009975
vt 0.255215 0.011484
vt 0.072638 0.094977
vt 0.269558 0.014871
vt 0.059786 0.094606
vt 0.312922 0.000011
vt 0.305434 0.000949
vt 0.258015 0.004267
vt 0.260247 0.002441
vt 0.256508 0.002380
vt 0.262853 0.002266
vt 0.088467 0.059293
vt 0.044529 0.005140
vt 0.019314 0.029573
vt 0.019918 0.088857
vt 0.248807 0.058643
vt 0.026720 0.088839
vt 0.637044 0.407371
vt 0.918269 0.035707
vt 0.911042 0.000165
vt 0.690165 0.417904
vt 0.917783 0.031430
vt 0.644768 0.384236
vt 0.631769 0.400837
vt 0.927153 0.037254
vt 0.652669 0.393676
vt 0.920380 0.029857
vt 0.914122 0.000353
vt 0.692144 0.408654
vt 0.637897 0.379204
vt 0.633269 0.415916
vt 0.878654 0.043163
vt 0.625437 0.446364
vt 0.868989 0.009063
vt 0.680862 0.445413
vt 0.672187 0.463661
vt 0.860668 0.010050
vt 0.637943 0.469037
vt 0.859547 0.031092
vt 0.906465 0.000012
vt 0.937315 0.006709
vt 0.938840 0.016424
vt 0.934648 0.024425
vt 0.933172 0.031592
vt 0.929716 0.031166
vt 0.896922 0.042209
vt 0.882322 0.050143
vt 0.633549 0.459714
vt 0.682989 0.440851
vt 0.896076 0.063453
vt 0.604771 0.427917
vt 0.900570 0.048696
vt 0.887457 0.056715
vt 0.941307 0.033611
vt 0.935372 0.038413
vt 0.904027 0.063913
vt 0.901182 0.064348
vt 0.901665 0.066713
vt 0.905933 0.062098
vt 0.624770 0.391890
vt 0.694120 0.399276
vt 0.687287 0.433770
vt 0.902729 0.053840
vt 0.616845 0.414446
vt 0.903406 0.055464
vt 0.898031 0.039311
vt 0.633131 0.420323
vn 0.568422 -0.817204 -0.095256
vn 0.568422 -0.817204 -0.095256
vn 0.568422 -0.817204 -0.095256
vn 0.568422 -0.817204 -0.095256
vn 0.655228 0.755243 -0.016863
vn 0.655579 0.754802 -0.022138
vn 0.650927 0.709756 -0.269333
vn 0.650927 0.709756 -0.269333
vn 0.682141 0.374469 -0.628058
vn 0.682141 0.374469 -0.628058
vn 0.696876 0.053282 -0.715210
vn 0.699324 0.094743 -0.708499
vn 0.941711 0.325937 -0.083341
vn 0.983658 0.140719 -0.112317
vn 0.999069 0.033075 -0.027688
vn 0.937067 0.303305 -0.172951
vn 0.651778 0.502923 -0.567673
vn 0.651779 0.502923 -0.567673
vn 0.651778 0.502923 -0.567673
vn 0.502754 -0.568103 -0.651535
vn 0.502754 -0.568103 -0.651535
vn 0.502754 -0.568103 -0.651535
vn 0.372024 -0.450375 -0.811641
vn 0.372024 -0.450375 -0.811641
vn 0.372024 -0.450375 -0.811641
vn 0.372024 -0.450375 -0.811641
vn 0.000329 -1.000000 -0.000236
vn 0.000239 -1.000000 -0.000247
vn 0.000313 -1.000000 -0.000238
vn 0.000329 -1.000000 -0.000236
vn 0.000223 -0.400628 -0.916241
vn 0.000223 -0.400628 -0.916241
vn 0.000223 -0.400628 -0.916241
vn 0.000223 -0.400628 -0.916241
vn -0.001679 -0.795687 -0.605706
vn 0.025550 -0.803223 -0.595131
vn -0.000689 -0.777629 -0.628723
vn -0.000623 -0.716762 -0.697318
vn 0.000066 -1.000000 -0.000462
vn 0.000066 -1.000000 -0.000462
vn 0.278158 -0.013465 0.960441
vn 0.000649 -0.013440 0.999909
vn 0.001618 0.133963 0.990985
vn 0.235859 0.129501 0.963120
vn 0.916934 0.083675 0.390168
vn 0.799499 0.079380 0.595399
vn 0.780750 0.075466 0.620269
vn 0.964781 0.232891 -0.122309
vn 0.983599 0.147360 -0.104006
vn 0.897461 0.381050 -0.222180
vn 0.890527 0.383411 -0.244862
vn 0.088454 -0.846484 -0.525016
vn 0.064823 -0.843999 -0.532413
vn 0.326237 -0.209764 0.921721
vn 0.326237 -0.209764 0.921721
vn 0.982147 -0.186126 -0.027305
vn 0.982147 -0.186126 -0.027305
vn 0.966398 -0.016168 0.256542
vn 0.966398 -0.016168 0.256542
vn 0.061536 -0.005788 -0.998088
vn 0.074776 0.033200 -0.996648
vn 0.430191 0.038833 -0.901902
vn 0.379399 0.001504 -0.925232
vn -0.000617 -1.000000 0.000607
vn -0.000935 -1.000000 0.000207
vn -0.001354 -0.999999 0.000436
vn -0.000882 -0.999999 0.001007
vn 0.978525 0.103617 -0.178190
vn 0.951557 0.307385 -0.007380
vn 0.999989 -0.002271 -0.004133
vn 0.999399 0.010495 -0.033050
vn -0.965150 0.259186 0.036177
vn -0.952519 0.264239 0.151279
vn -0.981323 0.188938 0.036149
vn 0.000000 -0.000001 1.000000
vn 0.000000 -0.000001 1.000000
vn 0.000000 -0.000003 1.000000
vn 0.000000 -0.000003 1.000000
vn 0.999996 0.002385 -0.001411
vn 0.999996 0.002664 -0.001338
vn 0.067814 0.006053 -0.997680
vn 0.372870 0.003519 -0.927877
vn -0.996403 0.056330 -0.063310
vn -0.989170 0.145124 0.021949
vn -0.989066 0.142482 0.038055
vn -0.994284 0.106542 -0.007009
vn -0.001727 -0.999999 -0.000015
vn -0.001200 -0.999999 -0.000159
vn -0.256765 -0.011216 -0.966409
vn -0.257684 0.008064 -0.966196
vn -0.253248 0.008855 -0.967361
vn -0.000000 0.000001 1.000000
vn -0.000000 0.000001 1.000000
vn 0.999999 0.000899 -0.001090
vn 1.000000 0.000703 -0.000727
vn 0.999999 -0.000901 0.000499
vn 0.999068 0.042046 -0.009782
vn 1.000000 0.000521 -0.000450
vn 0.999998 0.001613 -0.001203
vn -0.000024 -0.999954 -0.009599
vn -0.000155 -0.999951 -0.009890
vn -0.000431 -0.999922 -0.012518
vn -0.000223 -0.999923 -0.012419
vn -0.000627 -0.999923 -0.012394
vn -0.000289 -0.999944 -0.010616
vn -0.989478 0.144537 -0.006439
vn -0.984464 0.175477 0.006196
vn -0.998156 0.059445 0.012261
vn -0.996558 0.082646 -0.006524
vn -0.994223 0.072416 -0.079227
vn -0.988147 0.151485 -0.024875
vn -0.000721 0.976445 0.215763
vn 0.001113 0.976638 0.214891
vn 0.002709 0.988484 0.151299
vn -0.017863 0.989085 0.146258
vn 0.011175 0.993180 0.116056
vn 0.002811 0.977581 0.210541
vn -0.002144 0.939863 0.341546
vn 0.000380 0.939952 0.341307
vn 0.002725 0.940029 0.341084
vn 1.000000 0.000133 -0.000087
vn 1.000000 0.000119 -0.000075
vn -0.000080 -1.000000 -0.000046
vn -0.000002 -1.000000 0.000001
vn -0.000160 -1.000000 -0.000094
vn -0.998150 -0.000448 0.060804
vn -0.998069 0.012603 0.060825
vn -0.148053 0.812668 0.563606
vn -0.029435 0.816752 0.576238
vn -0.038365 0.831496 0.554205
vn -0.207957 0.805167 0.555392
vn 0.849549 0.525423 0.046874
vn 0.761841 0.646861 0.034190
vn 0.966089 0.257177 0.023055
vn 0.138071 0.832964 0.535824
vn 0.088233 0.804866 0.586861
vn -0.000002 -0.999592 0.028561
vn 0.000000 -0.999592 0.028563
vn 0.000000 -0.999592 0.028563
vn -0.000002 -0.999592 0.028561
vn 1.000000 -0.000001 -0.000003
vn 1.000000 -0.000001 -0.000003
vn 0.000002 0.829705 0.558203
vn 0.000003 0.829704 0.558204
vn 0.000003 0.829704 0.558204
vn 0.000002 0.829705 0.558203
vn -0.000004 -0.999592 0.028558
vn -0.000004 -0.999592 0.028558
vn 0.000004 0.829702 0.558206
vn 0.000004 0.829702 0.558206
vn -1.000000 -0.000003 0.000011
vn -1.000000 -0.000003 0.000011
vn -1.000000 -0.000003 0.000011
vn -1.000000 -0.000003 0.000011
vn 0.948449 -0.220550 0.227602
vn 0.751296 0.191685 0.631516
vn 0.751296 0.191685 0.631516
vn 0.839741 -0.224754 0.494288
vn 0.782343 0.076054 0.618187
vn 0.746114 0.240142 0.621004
vn 0.561617 0.618513 0.549570
vn 0.136631 0.280046 0.950214
vn -0.000088 0.356636 0.934243
vn -0.000180 0.732380 0.680896
vn -0.014237 0.732367 0.680761
vn 0.871147 0.027108 -0.490273
vn 0.871148 0.027108 -0.490273
vn 0.871147 0.027108 -0.490273
vn 0.871148 0.027108 -0.490273
vn 0.579438 0.653276 0.487320
vn 0.579438 0.653276 0.487320
vn 0.579438 0.653276 0.487320
vn 0.579438 0.653276 0.487320
vn 0.026121 0.617614 0.786047
vn -0.000334 0.617756 0.786370
vn -0.000341 0.617756 0.786370
vn 0.026121 0.617614 0.786048
vn -0.114804 0.423587 -0.898551
vn 0.003672 0.428319 -0.903620
vn 0.003798 0.428321 -0.903619
vn -0.114804 0.423587 -0.898551
vn 0.408168 0.557474 0.722926
vn 0.408168 0.557474 0.722926
vn 0.408168 0.557474 0.722926
vn 0.408168 0.557474 0.722926
vn 0.130700 -0.273081 0.953071
vn 0.000077 -0.275607 0.961270
vn 0.000245 -0.275607 0.961271
vn 0.130700 -0.273081 0.953071
vn 0.848270 0.287703 -0.444594
vn 0.848234 0.288275 -0.444294
vn 0.849395 0.266225 -0.455689
vn 0.849395 0.266225 -0.455689
vn 0.833264 0.283654 0.474565
vn 0.836882 0.274572 0.473538
vn 0.815254 0.325805 0.478762
vn 0.815254 0.325805 0.478762
vn 0.027306 -0.286085 -0.957815
vn 0.050025 -0.292483 -0.954962
vn -0.023343 -0.271256 -0.962224
vn -0.023343 -0.271256 -0.962224
vn 0.054582 -0.092458 0.994220
vn 0.042298 -0.071874 0.996516
vn 0.009457 -0.016844 0.999813
vn 0.009457 -0.016844 0.999813
vn 0.843161 -0.068776 -0.533244
vn 0.843161 -0.068776 -0.533244
vn 0.843161 -0.068776 -0.533244
vn 0.843161 -0.068776 -0.533244
vn 0.840564 -0.037631 0.540403
vn 0.840564 -0.037631 0.540403
vn 0.840564 -0.037631 0.540403
vn 0.840564 -0.037631 0.540403
vn -0.001289 -0.028188 -0.999602
vn -0.001289 -0.028188 -0.999602
vn -0.001289 -0.028188 -0.999602
vn -0.001289 -0.028188 -0.999602
vn 0.000393 0.031062 0.999517
vn 0.000393 0.031062 0.999517
vn 0.000393 0.031062 0.999517
vn 0.000393 0.031062 0.999517
vn -0.965727 0.045310 -0.255574
vn -0.965727 0.045310 -0.255574
vn -0.965727 0.045310 -0.255574
vn -0.965727 0.045310 -0.255574
vn -0.966700 0.057633 0.249338
vn -0.966700 0.057633 0.249338
vn -0.966700 0.057633 0.249338
vn -0.966700 0.057633 0.249338
vn 0.952788 -0.293704 0.077027
vn 0.951184 -0.270706 -0.148215
vn 0.946710 -0.311999 -0.079984
vn 0.830255 -0.356918 0.428120
vn 0.825618 -0.167322 0.538850
vn 0.981461 -0.189843 -0.026359
vn 0.940763 -0.178396 -0.288341
vn 0.844976 0.326114 -0.423870
vn 0.844976 0.326114 -0.423870
vn 0.890124 0.096999 0.445276
vn 0.890124 0.096999 0.445276
vn 0.143382 -0.241232 0.959817
vn 0.143382 -0.241232 0.959817
vn 0.157382 -0.320567 -0.934060
vn 0.157382 -0.320567 -0.934060
vn 0.698288 -0.045338 -0.714380
vn 0.698288 -0.045338 -0.714380
vn 0.698288 -0.045338 -0.714380
vn 0.698288 -0.045338 -0.714380
vn 0.207151 0.509347 -0.835257
vn 0.207151 0.509347 -0.835257
vn 0.207151 0.509347 -0.835257
vn 0.207151 0.509347 -0.835257
vn -0.280610 0.957645 0.064602
vn -0.280610 0.957645 0.064602
vn -0.280610 0.957645 0.064602
vn -0.280610 0.957645 0.064602
vn 0.419214 0.565233 0.710472
vn 0.419214 0.565233 0.710472
vn 0.419214 0.565233 0.710472
vn 0.419214 0.565233 0.710473
vn 0.819788 0.051706 0.570329
vn 0.819788 0.051706 0.570329
vn 0.819788 0.051706 0.570329
vn 0.819788 0.051706 0.570329
vn 0.944064 -0.325746 -0.051311
vn 0.944064 -0.325746 -0.051311
vn 0.944064 -0.325746 -0.051311
vn 0.944064 -0.325746 -0.051311
vn 0.833848 0.075017 -0.546873
vn 0.833848 0.075017 -0.546873
vn 0.833848 0.075017 -0.546873
vn 0.833848 0.075017 -0.546873
vn 0.786378 0.047392 0.615925
vn 0.786378 0.047392 0.615925
vn 0.178366 0.109156 0.977891
vn 0.000011 0.110951 0.993826
vn 0.028668 0.213558 -0.976510
vn -0.000028 0.213630 -0.976915
vn -0.000025 0.213630 -0.976915
vn 0.028668 0.213558 -0.976510
vn 0.722861 0.686261 0.080733
vn 0.416748 0.400870 0.815858
vn 0.399760 0.698917 0.593049
vn 0.443240 0.888152 0.121344
vn 0.484921 0.766536 -0.421039
vn 0.478775 0.387367 -0.787858
vn 0.104854 0.572277 0.813329
vn 0.091947 0.572534 0.814709
vn 0.014442 0.495020 0.868761
vn 0.038862 0.529712 0.847287
vn 0.158917 -0.257272 -0.953182
vn 0.159579 -0.257156 -0.953103
vn 0.160437 -0.236864 -0.958205
vn 0.135164 -0.218924 -0.966335
vn 0.016600 0.461673 -0.886895
vn 0.005427 0.454808 -0.890573
vn 0.062010 0.509964 -0.857958
vn 0.108350 0.560512 -0.821028
vn 0.009649 0.978387 0.206560
vn 0.004227 0.974579 0.224002
vn 0.003908 0.949323 0.314278
vn 0.000801 0.954732 0.297466
vn 0.160645 -0.230800 0.959648
vn 0.158432 -0.230836 0.960007
vn 0.065534 -0.327625 0.942532
vn 0.106743 -0.274514 0.955640
vn 0.270443 -0.961579 -0.047186
vn 0.273225 -0.960639 -0.050203
vn 0.168297 -0.979994 -0.106247
vn 0.174344 -0.979156 -0.104202
vn 0.356171 0.439665 0.824522
vn 0.303052 0.386899 0.870901
vn 0.268789 0.352528 0.896369
vn 0.268789 0.352528 0.896369
vn -0.191123 -0.017083 -0.981418
vn -0.225850 -0.043666 -0.973183
vn -0.142210 0.019933 -0.989636
vn -0.142210 0.019933 -0.989636
vn -0.098130 0.620012 -0.778432
vn -0.106173 0.601498 -0.791787
vn -0.112788 0.585898 -0.802498
vn -0.098130 0.620012 -0.778432
vn 0.092183 0.993205 0.071038
vn 0.178545 0.983051 0.041632
vn 0.004778 0.992662 0.120829
vn 0.245309 -0.449388 0.858996
vn 0.085907 -0.489941 0.867513
vn -0.148792 -0.524978 0.838009
vn -0.148792 -0.524978 0.838009
vn -0.083934 -0.992533 -0.088503
vn -0.016849 -0.999142 -0.037838
vn -0.125069 -0.990556 -0.056184
vn 0.140353 0.051804 0.988745
vn 0.140549 0.052736 0.988668
vn 0.146246 0.080067 0.986003
vn 0.146246 0.080067 0.986003
vn -0.478362 0.278845 -0.832716
vn -0.504529 0.279503 -0.816902
vn -0.602236 0.279560 -0.747769
vn -0.602236 0.279560 -0.747769
vn -0.342650 0.857572 -0.383616
vn -0.268100 0.878875 -0.394590
vn -0.406586 0.834448 -0.372000
vn -0.406586 0.834448 -0.372000
vn -0.108584 0.944727 0.309355
vn -0.115129 0.943458 0.310858
vn -0.165175 0.932251 0.321909
vn -0.165175 0.932251 0.321909
vn 0.277008 -0.886642 0.370315
vn 0.271009 -0.879808 0.390503
vn 0.317300 -0.923723 0.214606
vn 0.317300 -0.923723 0.214606
vn 0.021430 -0.876586 -0.480768
vn -0.035602 -0.900243 -0.433929
vn -0.099369 -0.920357 -0.378244
vn -0.099369 -0.920357 -0.378244
vn 0.414700 -0.389983 0.822154
vn 0.414700 -0.389983 0.822154
vn 0.052128 -0.996864 -0.059533
vn -0.286967 -0.091089 -0.953600
vn -0.286967 -0.091089 -0.953600
vn -0.122466 0.562445 -0.817715
vn -0.122466 0.562445 -0.817715
vn 0.226172 0.974083 0.002889
vn 0.388551 0.471482 0.791665
vn 0.388551 0.471482 0.791665
vn 0.154039 -0.249603 0.956018
vn 0.154039 -0.249603 0.956018
vn 0.200562 -0.239267 0.950014
vn 0.196978 -0.240086 0.950557
vn -0.032298 -0.999365 0.015065
vn -0.032298 -0.999365 0.015065
vn 0.093087 -0.995488 0.018409
vn 0.070474 -0.997354 0.017825
vn -0.078306 -0.285524 -0.955167
vn -0.078306 -0.285524 -0.955167
vn -0.018218 -0.281088 -0.959509
vn -0.015324 -0.280849 -0.959630
vn -0.046085 0.409743 -0.911036
vn -0.046085 0.409743 -0.911036
vn -0.047079 0.412689 -0.909655
vn -0.048304 0.416315 -0.907936
vn 0.164620 0.984902 -0.053557
vn 0.164620 0.984902 -0.053557
vn 0.121889 0.991802 -0.038365
vn 0.128610 0.990858 -0.040753
vn 0.184215 0.552998 0.812563
vn 0.184215 0.552998 0.812563
vn 0.193859 0.560080 0.805437
vn 0.191735 0.558527 0.807023
vn -0.006355 0.448334 0.893844
vn 0.019778 0.449008 0.893309
vn 0.241824 0.442170 0.863717
vn 0.241824 0.442170 0.863717
vn 0.010954 0.943361 0.331587
vn 0.011792 0.946245 0.323237
vn 0.040859 0.999111 0.010376
vn 0.040859 0.999111 0.010376
vn 0.125622 0.603784 -0.787188
vn 0.142170 0.603219 -0.784803
vn -0.153566 0.588121 -0.794060
vn -0.153566 0.588121 -0.794060
vn 0.063742 -0.195335 -0.978663
vn 0.088638 -0.195130 -0.976764
vn -0.284968 -0.185302 -0.940455
vn -0.284968 -0.185302 -0.940455
vn 0.024601 -0.988867 -0.146752
vn 0.025211 -0.988701 -0.147764
vn -0.021410 -0.997321 -0.069953
vn -0.021410 -0.997321 -0.069953
vn 0.041003 -0.374665 0.926253
vn 0.054024 -0.375828 0.925113
vn 0.307209 -0.385347 0.870133
vn 0.307209 -0.385347 0.870133
vn 0.007429 -0.606605 0.794969
vn 0.007250 -0.604551 0.796533
vn 0.043845 -0.720637 0.691925
vn 0.055067 -0.721937 0.689764
vn 0.039674 -0.956693 -0.288381
vn 0.040119 -0.955855 -0.291086
vn 0.070790 -0.867763 -0.491912
vn 0.070915 -0.868054 -0.491380
vn 0.076668 0.082946 -0.993600
vn 0.077682 0.084485 -0.993392
vn 0.069846 0.186981 -0.979877
vn 0.090582 0.179687 -0.979545
vn 0.055051 0.822127 -0.566637
vn 0.053619 0.817495 -0.573435
vn 0.061281 0.905622 -0.419634
vn 0.041391 0.907045 -0.418995
vn 0.028411 0.966761 0.254099
vn 0.027684 0.966374 0.255648
vn -0.004362 0.953152 0.302460
vn -0.001183 0.952579 0.304290
vn -0.002573 0.160310 0.987063
vn -0.002641 0.159521 0.987191
vn 0.015179 0.009383 0.999841
vn 0.014731 0.009458 0.999847
vn -0.002718 -0.502070 0.864823
vn -0.002718 -0.502070 0.864823
vn 0.006037 -0.591417 0.806343
vn 0.005802 -0.589098 0.808041
vn 0.040600 -0.986562 -0.158260
vn 0.040600 -0.986562 -0.158260
vn 0.038196 -0.962633 -0.268102
vn 0.038158 -0.962206 -0.269637
vn 0.092495 0.056398 -0.994115
vn 0.092495 0.056398 -0.994115
vn 0.075955 0.076926 -0.994139
vn 0.075126 0.077952 -0.994123
vn 0.069187 0.777064 -0.625607
vn 0.069187 0.777064 -0.625607
vn 0.055204 0.809271 -0.584836
vn 0.053403 0.813223 -0.579497
vn 0.028306 0.980043 0.196762
vn 0.028306 0.980043 0.196762
vn 0.029601 0.968000 0.249201
vn 0.029509 0.968976 0.245388
vn -0.000229 0.256986 0.966415
vn -0.000229 0.256986 0.966415
vn -0.001642 0.174086 0.984729
vn -0.001536 0.180408 0.983591
vn -0.959662 -0.210339 -0.186563
vn -0.959662 -0.210339 -0.186563
vn -0.959662 -0.210339 -0.186563
vn -0.959662 -0.210339 -0.186563
vn -0.944373 -0.256687 0.205598
vn -0.944374 -0.256687 0.205599
vn -0.944373 -0.256687 0.205599
vn -0.944373 -0.256687 0.205599
vn -0.803563 -0.584641 0.111722
vn -0.803563 -0.584641 0.111722
vn -0.465954 -0.879753 0.094447
vn -0.644664 -0.757160 0.105436
vn -0.260698 -0.962213 0.078626
vn -0.260698 -0.962213 0.078626
vn -0.260698 -0.962213 0.078626
vn -0.059044 -0.984478 0.165281
vn 0.001317 -0.986183 0.165653
vn 0.001640 -0.988523 0.151060
vn -0.045932 -0.986361 0.158057
vn 0.002351 -0.992290 0.123915
vn 0.836005 -0.143634 -0.529589
vn 0.836005 -0.143634 -0.529589
vn 0.835386 -0.149494 -0.528944
vn 0.834700 -0.150840 -0.529645
vn 0.887720 -0.077253 0.453856
vn 0.887720 -0.077253 0.453856
vn 0.896455 -0.083997 0.435100
vn 0.896600 -0.084111 0.434781
vn -0.057770 -0.204782 -0.977101
vn -0.057770 -0.204782 -0.977101
vn -0.058256 -0.201426 -0.977770
vn -0.058286 -0.201218 -0.977811
vn 0.006368 0.138109 0.990397
vn 0.006368 0.138109 0.990397
vn 0.004524 0.146374 0.989219
vn 0.004881 0.144777 0.989452
vn -0.935510 -0.072158 -0.345854
vn -0.935510 -0.072158 -0.345854
vn -0.932126 -0.084843 -0.352056
vn -0.999959 -0.008436 0.003242
vn -0.942842 0.063997 0.327038
vn -0.942842 0.063997 0.327038
vn -0.937797 0.064213 0.341194
vn 0.748009 -0.010214 -0.663610
vn 0.735417 -0.039004 -0.676491
vn 0.710967 -0.090013 -0.697441
vn 0.710967 -0.090013 -0.697441
vn 0.897379 -0.059277 0.437262
vn 0.897248 -0.064198 0.436835
vn 0.895515 -0.101935 0.433200
vn 0.895515 -0.101935 0.433200
vn -0.024626 0.005572 -0.999681
vn -0.023340 0.014344 -0.999625
vn -0.032262 -0.046782 -0.998384
vn -0.032262 -0.046782 -0.998384
vn 0.039514 -0.126100 0.991230
vn 0.040124 -0.117800 0.992227
vn 0.046102 -0.033806 0.998365
vn 0.046102 -0.033806 0.998365
vn -0.998931 -0.014363 -0.043945
vn -0.895140 0.045525 -0.443453
vn -0.909643 -0.033671 -0.414024
vn -0.909643 -0.033671 -0.414024
vn -0.897117 -0.060892 0.437577
vn -0.884121 -0.043068 0.465269
vn -0.884121 -0.043068 0.465269
vn -0.029640 0.138821 -0.989874
vn 0.002784 0.246228 -0.969208
vn 0.003379 0.245419 -0.969411
vn -0.028748 0.145337 -0.988965
vn 0.823552 0.213725 -0.525437
vn 0.831028 -0.034569 -0.555155
vn 0.836419 -0.056748 -0.545144
vn 0.931613 -0.051981 0.359716
vn 0.945466 -0.139700 0.294242
vn 0.944872 -0.138420 0.296743
vn 0.928898 -0.041697 0.367981
vn 0.024650 -0.353285 0.935191
vn 0.020532 -0.129992 0.991302
vn 0.023675 -0.170649 0.985047
vn 0.023156 -0.364897 0.930760
vn -0.972542 -0.061085 0.224568
vn -0.851168 0.195325 -0.487197
vn -0.999917 0.002717 0.012636
vn -0.926098 -0.131084 0.353779
vn -0.915374 -0.083131 0.393929
vn -0.894488 0.024502 -0.446421
vn 0.822785 0.217537 -0.525075
vn -0.307205 -0.942587 -0.130978
vn 0.091925 -0.991313 -0.094063
vn 0.319405 0.941921 -0.103759
vn 0.126565 0.979868 0.154405
vn 0.186525 -0.968126 0.167155
vn -0.019206 -0.990830 0.133739
vn 0.027966 -0.992191 0.121555
vn 0.121122 -0.987813 0.097754
vn -0.492280 -0.092228 -0.865537
vn -0.472142 -0.093693 -0.876529
vn -0.360435 -0.100676 -0.927336
vn -0.360435 -0.100676 -0.927336
vn 0.038019 -0.994806 0.094417
vn 0.004439 -0.994895 0.100816
vn -0.623337 -0.062685 -0.779437
vn -0.620022 -0.065473 -0.781848
vn -0.000476 -0.989807 0.142418
vn 0.082679 -0.985513 0.148085
vn 0.201344 -0.977062 0.069365
vn 0.154810 -0.983282 0.095867
vn -0.213879 -0.086196 -0.973050
vn -0.209346 -0.085570 -0.974090
vn -0.199911 -0.084263 -0.976184
vn -0.199911 -0.084263 -0.976184
vn -0.032794 0.995138 -0.092871
vn -0.049559 0.995372 -0.082337
vn 0.024699 0.997967 -0.058751
vn 0.030052 0.998990 -0.033404
vn -0.028967 0.087062 0.995782
vn 0.191373 0.152529 0.969593
vn 0.146230 0.139540 0.979360
vn -0.028967 0.087062 0.995782
vn 0.026014 -0.997173 0.070487
vn -0.122924 -0.989957 0.069822
vn -0.088963 -0.993467 0.071482
vn 0.130735 -0.991175 0.021928
vn -0.014534 -0.073942 -0.997157
vn -0.025429 -0.071871 -0.997090
vn 0.062006 -0.074756 -0.995272
vn 0.048183 -0.073552 -0.996127
vn 0.053889 0.063577 0.996521
vn 0.053781 0.063426 0.996536
vn 0.050918 0.059437 0.996933
vn 0.050918 0.059437 0.996933
vn 0.058972 -0.994583 0.085599
vn 0.100663 -0.992006 0.076103
vn 0.199394 -0.979838 0.012653
vn 0.211142 -0.977436 0.006119
vn 0.161809 0.979460 -0.120314
vn -0.016752 0.998274 -0.056298
vn 0.011221 0.998414 -0.055167
vn 0.264580 0.962861 -0.053826
vn -0.066055 0.996383 -0.053459
vn -0.065478 0.996383 -0.054165
vn -0.093810 -0.991172 0.093692
vn -0.059628 -0.994226 0.089212
vn -0.070748 -0.996618 0.041794
vn -0.048645 -0.996976 0.060604
vn 0.015756 -0.086633 -0.996116
vn 0.016850 -0.085784 -0.996171
vn -0.021541 0.998334 -0.053526
vn -0.028556 0.997446 -0.065474
vn 0.035355 0.999124 -0.022380
vn -0.023618 0.999425 -0.024325
vn 0.028987 0.071237 0.997038
vn 0.032427 0.070527 0.996983
vn 0.352937 0.888074 -0.294552
vn 0.380331 0.864090 -0.329692
vn 0.437137 0.797088 -0.416608
vn 0.440721 0.776333 -0.450635
vn -0.230364 0.760712 0.606836
vn -0.247478 0.756427 0.605452
vn -0.160808 0.765024 0.623602
vn -0.161422 0.765745 0.622557
vn -0.368056 -0.241428 0.897913
vn -0.360533 -0.244557 0.900116
vn -0.267137 -0.333887 0.903968
vn -0.271846 -0.295318 0.915908
vn -0.355387 0.521132 0.775965
vn -0.404098 0.536613 0.740778
vn -0.256415 0.479285 0.839367
vn -0.257415 0.476093 0.840876
vn 0.134958 -0.982297 0.129918
vn 0.161786 -0.981827 0.099204
vn 0.073835 -0.977371 0.198228
vn 0.073565 -0.977270 0.198828
vn 0.476244 0.692738 -0.541577
vn 0.476244 0.692738 -0.541577
vn 0.498965 0.706758 -0.501525
vn 0.725443 0.550445 -0.413211
vn -0.075426 0.770782 0.632619
vn -0.075426 0.770782 0.632619
vn -0.075426 0.770782 0.632619
vn -0.075426 0.770782 0.632619
vn -0.034451 -0.312933 0.949150
vn -0.034451 -0.312933 0.949150
vn -0.034451 -0.312933 0.949150
vn -0.034451 -0.312932 0.949150
vn -0.151068 0.348885 0.924909
vn -0.151068 0.348885 0.924909
vn -0.151068 0.348885 0.924909
vn -0.151068 0.348885 0.924909
vn 0.415639 -0.677132 -0.607237
vn 0.416648 -0.675444 -0.608424
vn 0.411138 -0.684566 -0.601942
vn 0.411138 -0.684566 -0.601942
vn 0.658407 0.519804 -0.544339
vn 0.449824 0.757364 -0.473348
vn 0.449725 0.757424 -0.473346
vn 0.310510 -0.949517 0.044742
vn 0.310510 -0.949517 0.044742
vn 0.310510 -0.949517 0.044742
vn 0.310510 -0.949517 0.044742
vn 0.459451 -0.535324 -0.708754
vn 0.452800 -0.526179 -0.719797
vn 0.445221 -0.515786 -0.731945
vn 0.445221 -0.515786 -0.731945
vn 0.972320 0.213179 -0.095648
vn 0.449378 0.669736 0.591196
vn 0.334252 0.369489 0.867037
vn 0.344926 0.394200 0.851841
vn 0.218487 -0.035766 0.975184
vn 0.677203 -0.592109 0.436810
vn 0.628952 -0.517434 0.580243
vn 0.191795 0.066982 0.979147
vn 0.631347 -0.596482 -0.495591
vn 0.603710 -0.658431 -0.449447
vn 0.630089 -0.599618 -0.493402
vn 0.519245 0.692680 -0.500580
vn 0.665845 -0.706656 -0.239347
vn 0.652461 -0.537691 -0.534026
vn 0.014305 0.999305 0.034418
vn -0.005208 0.999844 0.016910
vn -0.016923 0.997076 0.074518
vn -0.026901 0.997299 0.068340
vn -0.074648 0.996460 -0.038676
vn 0.012763 0.999795 -0.015719
vn 0.057592 0.990731 -0.123027
vn 0.065734 0.982716 -0.173058
vn 0.067643 0.988270 -0.136922
vn 0.059529 0.991781 -0.113258
vn 0.078306 0.993522 -0.082350
vn 0.078306 0.993522 -0.082350
vn 0.078306 0.993522 -0.082350
vn 0.078306 0.993522 -0.082350
vn -0.078758 -0.990128 -0.115950
vn -0.078758 -0.990128 -0.115950
vn -0.078758 -0.990128 -0.115950
vn -0.078758 -0.990128 -0.115950
vn 0.082219 0.981412 -0.173408
vn 0.017694 0.985916 -0.166301
vn 0.095985 0.983093 -0.155932
vn 0.076452 0.986787 -0.142850
vn 0.068087 0.992675 -0.099801
vn -0.004795 0.997718 -0.067355
vn 0.112715 0.983512 -0.141421
vn 0.094132 0.983850 -0.152245
vn 0.073273 0.983688 -0.164280
vn 0.073273 0.983689 -0.164280
vn 0.052133 0.990597 -0.126492
vn 0.052133 0.990597 -0.126492
vn 0.471812 -0.580316 -0.663798
vn 0.471110 -0.582332 -0.662529
vn 0.522142 -0.605887 -0.600224
vn 0.509090 -0.601025 -0.616114
vn 0.441004 -0.633335 -0.635926
vn 0.439924 -0.635251 -0.634762
vn 0.513753 -0.648670 -0.561502
vn 0.514392 -0.648831 -0.560731
vn 0.501602 0.685856 -0.527255
vn 0.502345 0.674408 -0.541131
vn 0.446260 0.658080 -0.606451
vn 0.477049 0.625449 -0.617444
vn -0.579529 0.649874 0.491742
vn -0.583272 0.652758 0.483426
vn -0.644070 -0.005191 0.764949
vn -0.626306 -0.025054 0.779174
vn 0.057752 -0.998327 -0.002837
vn -0.076617 -0.995020 -0.063764
vn 0.523063 -0.681413 -0.511939
vn 0.530647 -0.658108 -0.534141
vn 0.609461 -0.700696 -0.370920
vn 0.616834 -0.706604 -0.346736
vn 0.969054 0.020730 -0.245978
vn 0.725261 0.355158 -0.589796
vn 0.299853 0.922244 -0.244036
vn 0.301454 0.919994 -0.250472
vn -0.571602 0.796462 0.197280
vn -0.528318 0.802699 0.276686
vn 0.072986 -0.977051 0.200112
vn 0.072986 -0.977051 0.200112
vn -0.249085 -0.453622 0.855678
vn -0.249085 -0.453622 0.855678
vn -0.264677 0.452368 0.851651
vn -0.264677 0.452368 0.851651
vn -0.138024 0.737508 0.661083
vn -0.138024 0.737508 0.661083
vn 0.446115 0.726342 -0.522885
vn 0.446115 0.726342 -0.522884
vn 0.486446 0.716121 -0.500542
vn 0.489707 0.713228 -0.501492
vn -0.658112 0.119011 -0.743455
vn -0.658304 0.110178 -0.744645
vn -0.109999 0.978450 -0.174745
vn -0.128663 0.972966 -0.191791
vn -0.008123 0.995619 0.093150
vn 0.023972 0.991481 0.128024
vn -0.109702 0.992949 0.044929
vn -0.110221 0.993094 0.040184
vn -0.031142 0.986171 0.162781
vn -0.103041 -0.991485 0.079630
vn 0.010394 -0.995371 0.095549
vn 0.023388 -0.994981 0.097293
vn 0.135799 -0.990614 -0.015555
vn 0.149419 -0.988772 0.001714
vn -0.103484 -0.990568 0.089815
vn -0.210619 -0.969694 0.123823
vn 0.098474 -0.965567 -0.240798
vn 0.131313 -0.967415 -0.216485
vn -0.229282 0.281213 0.931853
vn -0.178765 0.314772 0.932181
vn -0.191903 0.272824 0.942730
vn -0.191903 0.272824 0.942730
vn 0.365013 0.503259 0.783260
vn 0.313043 0.562883 0.764962
vn 0.185864 0.582669 0.791171
vn 0.407029 0.617974 0.672633
vn -0.011461 0.546216 0.837566
vn -0.051694 0.523969 0.850167
vn -0.660840 0.706070 0.254469
vn -0.660840 0.706070 0.254469
vn -0.782644 0.183212 0.594897
vn -0.782644 0.183212 0.594897
vn -0.204269 -0.971402 -0.121050
vn -0.204269 -0.971402 -0.121050
vn 0.498759 -0.742742 -0.446737
vn 0.498759 -0.742742 -0.446737
vn 0.665085 -0.738382 -0.111602
vn 0.665085 -0.738382 -0.111602
vn 0.725192 -0.591811 0.351932
vn 0.516921 -0.733234 0.441770
vn 0.303282 0.917342 -0.257883
vn 0.303282 0.917342 -0.257883
vn -0.700535 0.696740 -0.154285
vn -0.700535 0.696740 -0.154285
vn 0.090002 0.995843 -0.013995
vn 0.098823 0.994424 -0.036809
vn 0.037283 0.996413 0.075971
vn 0.006573 0.995485 0.094695
vn 0.180056 -0.948255 -0.261520
vn 0.168244 -0.955525 -0.242209
vn 0.127016 -0.960690 -0.246863
vn 0.089729 -0.974092 -0.207591
vn 0.133170 -0.973678 -0.184980
vn 0.133170 -0.973678 -0.184980
vn 0.328540 -0.944490 0.000477
vn 0.328540 -0.944490 0.000477
vn 0.328540 -0.944490 0.000477
vn 0.328540 -0.944490 0.000477
vn -0.082876 -0.995962 -0.034518
vn -0.009828 -0.978184 0.207510
vn -0.156136 -0.987333 0.028214
vn -0.095416 -0.994759 0.036759
vn -0.015579 -0.998715 0.048222
vn 0.317357 0.948292 -0.005242
vn 0.056012 0.998395 0.008345
vn 0.401344 0.914174 -0.056656
vn -0.031167 0.998612 0.042451
vn 0.062410 0.997006 -0.045654
vn 0.049800 0.996799 -0.062546
vn 0.097747 0.993095 -0.064870
vn 0.101749 0.992135 -0.072907
vn -0.013919 -0.107577 -0.994099
vn -0.013919 -0.107577 -0.994099
vn -0.013919 -0.107577 -0.994099
vn -0.013919 -0.107577 -0.994099
vn 0.153818 0.063958 0.986027
vn 0.333202 0.043384 0.941857
vn 0.309610 0.046255 0.949738
vn 0.153818 0.063958 0.986027
vn 0.709656 -0.434357 0.554728
vn 0.709656 -0.434357 0.554728
vn 0.709656 -0.434357 0.554728
vn 0.856396 0.014778 -0.516109
vn 0.856396 0.014778 -0.516109
vn 0.856396 0.014778 -0.516109
vn 0.245100 0.966235 0.079471
vn 0.245100 0.966235 0.079471
vn 0.245100 0.966235 0.079471
vn 0.286820 0.070994 0.955350
vn 0.286820 0.070994 0.955350
vn 0.286820 0.070994 0.955350
vn 0.038135 -0.999214 -0.010849
vn -0.269651 -0.079242 -0.959692
vn -0.269651 -0.079242 -0.959692
vn -0.260199 -0.081240 -0.962131
vn -0.264127 -0.080411 -0.961130
vn -0.022424 0.997497 -0.067067
vn -0.014625 0.993203 -0.115470
vn -0.023229 0.993578 -0.110742
vn -0.031472 0.997448 -0.064085
vn 0.026726 0.994208 -0.104098
vn 0.030241 0.994107 -0.104096
vn 0.052698 0.995288 -0.081390
vn 0.048160 0.994876 -0.088893
vn 0.045328 0.981421 -0.186436
vn 0.037921 0.984328 -0.172223
vn 0.025140 0.984870 -0.171463
vn 0.020705 0.983181 -0.181457
vn 0.309097 0.283626 0.907753
vn 0.324853 0.367621 0.871393
vn 0.205689 0.971365 0.118918
vn 0.078330 -0.991746 0.101509
vn 0.229861 -0.961229 0.152326
vn 0.050779 -0.975831 0.212547
vn -0.175957 -0.945922 0.272525
vn 0.188008 -0.969774 0.155537
vn 0.190621 -0.967456 0.166412
vn 0.255329 -0.953334 0.161127
vn 0.184413 -0.971349 0.149907
vn 0.180233 -0.978685 0.098450
vn 0.164596 -0.979969 0.112112
vn 0.189567 -0.981072 0.039534
vn 0.191027 -0.980562 0.044806
vn 0.435060 0.027201 0.899990
vn 0.435060 0.027201 0.899990
vn 0.435060 0.027201 0.899990
vn 0.512005 -0.851065 0.116358
vn 0.562573 -0.107564 -0.819721
vn 0.562573 -0.107564 -0.819721
vn 0.562573 -0.107564 -0.819721
vn 0.491072 0.862921 0.119232
vn 0.892784 -0.047046 0.448021
vn 0.892784 -0.047046 0.448021
vn 0.892784 -0.047046 0.448021
vn 0.573076 -0.782949 -0.242024
vn 0.365561 -0.097666 -0.925649
vn 0.611010 0.734017 -0.296454
vn 0.488942 0.023011 0.872013
vn 0.522449 -0.852670 -0.000274
vn 0.403109 -0.095909 -0.910112
vn 0.403109 -0.095909 -0.910112
vn 0.403109 -0.095909 -0.910112
vn 0.542621 0.838095 -0.056214
vn 0.545656 0.099670 -0.832061
vn 0.545656 0.099670 -0.832061
vn 0.545656 0.099670 -0.832061
vn 0.545656 0.099670 -0.832061
vn 0.966337 -0.002287 0.257269
vn 0.966337 -0.002287 0.257269
vn 0.966337 -0.002287 0.257269
vn 0.966337 -0.002287 0.257269
vn -0.167500 0.232446 -0.958078
vn -0.167500 0.232446 -0.958078
vn -0.167500 0.232446 -0.958078
vn -0.167500 0.232446 -0.958078
vn 0.308172 0.021818 0.951081
vn 0.308172 0.021818 0.951080
vn 0.308172 0.021818 0.951080
vn 0.308172 0.021818 0.951080
vn -0.994164 0.107864 -0.001661
vn -0.994164 0.107864 -0.001661
vn -0.994164 0.107864 -0.001661
vn -0.994164 0.107864 -0.001661
vn -0.745811 0.045356 0.664612
vn -0.745811 0.045356 0.664612
vn -0.745811 0.045356 0.664612
vn -0.745811 0.045356 0.664612
vn 0.514273 0.173604 -0.839872
vn 0.514273 0.173604 -0.839872
vn 0.514273 0.173604 -0.839872
vn 0.514273 0.173604 -0.839872
vn 0.895966 0.417942 0.150231
vn 0.895966 0.417942 0.150231
vn 0.895966 0.417942 0.150231
vn 0.895966 0.417942 0.150231
vn -0.218223 0.096344 -0.971132
vn -0.218223 0.096344 -0.971132
vn -0.218223 0.096344 -0.971132
vn -0.218223 0.096344 -0.971132
vn 0.338509 0.046805 0.939798
vn 0.338509 0.046805 0.939798
vn 0.338509 0.046805 0.939798
vn 0.338509 0.046805 0.939798
vn -0.959859 0.277723 0.039241
vn -0.959859 0.277723 0.039241
vn -0.976463 0.215205 -0.014402
vn -0.533740 0.431546 0.727248
vn -0.533740 0.431546 0.727248
vn -0.533740 0.431546 0.727248
vn -0.533740 0.431546 0.727248
vn -0.251083 0.075051 -0.965052
vn 0.091405 0.086177 -0.992078
vn 0.464781 0.086449 -0.881195
vn 0.869602 0.493740 0.003663
vn -0.991651 0.127278 0.020689
vn -0.983537 0.178993 -0.024823
vn 0.001761 0.148194 -0.988957
vn 0.001791 -0.046632 -0.998911
vn 0.622328 0.493870 0.607290
vn 0.622328 0.493870 0.607290
vn 0.622328 0.493870 0.607290
vn 0.622328 0.493870 0.607290
vn 0.851830 0.316322 -0.417524
vn 0.851830 0.316322 -0.417524
vn 0.851830 0.316322 -0.417524
vn 0.851830 0.316322 -0.417524
vn 0.081120 0.487349 -0.869431
vn 0.000531 0.488834 -0.872377
vn 0.000270 0.488834 -0.872377
vn 0.081120 0.487349 -0.869431
vn 0.060956 0.990388 0.124165
vn 0.021508 0.965938 -0.257878
vn 0.001092 0.714465 -0.699670
vn 0.127717 0.897064 0.423042
vn 0.023962 0.997672 -0.063848
vn 0.041115 0.992886 0.111742
vn 0.075310 0.918605 0.387936
vn -0.001053 0.877068 0.480366
vn -0.000808 0.876992 0.480504
vn 0.076039 0.333213 -0.939781
vn 0.000325 0.333292 -0.942824
vn 0.000129 0.231904 -0.972739
vn 0.105201 0.216517 -0.970594
vn 0.773901 0.038483 0.632137
vn 0.773901 0.038483 0.632137
vn 0.851954 0.391477 -0.347736
vn 0.851954 0.391477 -0.347736
vn 0.046636 -0.985726 -0.161770
vn 0.046636 -0.985726 -0.161770
vn 0.109687 -0.992787 -0.048408
vn 0.109687 -0.992787 -0.048408
vn -0.656390 0.162622 -0.736685
vn -0.656391 0.162622 -0.736686
vn -0.139548 0.969454 -0.201708
vn -0.139548 0.969454 -0.201708
vn 0.045552 0.987431 0.151342
vn 0.045552 0.987431 0.151342
vn 0.211822 -0.969820 0.120748
vn 0.211822 -0.969820 0.120748
vn -0.352756 0.425057 0.833601
vn 0.673427 -0.119946 -0.729458
vn 0.673427 -0.119947 -0.729458
vn 0.673427 -0.119947 -0.729458
vn 0.673427 -0.119946 -0.729458
vn 0.993934 -0.050458 -0.097718
vn 0.994813 -0.074364 -0.069407
vn 0.997560 -0.069667 -0.004452
vn 0.997660 -0.067871 0.008234
vn 0.997656 -0.068107 0.006578
vn 0.997560 -0.069667 -0.004452
vn 0.997560 -0.069667 -0.004452
vn 0.997655 -0.068172 0.006115
vn 0.665509 0.641957 0.380775
vn 0.665509 0.641957 0.380775
vn 0.665509 0.641957 0.380775
vn 0.608806 0.747076 0.266896
vn 0.608806 0.747076 0.266896
vn 0.716160 0.616511 0.327154
vn 0.895682 0.425274 0.129986
vn 0.952681 -0.171346 -0.251078
vn 0.950217 -0.101754 -0.294508
vn 0.968369 -0.019786 -0.248736
vn 0.945405 -0.218654 -0.241660
vn 0.945405 -0.218654 -0.241660
vn 0.945405 -0.218654 -0.241660
vn 0.945405 -0.218654 -0.241660
vn 0.706353 -0.654574 -0.269440
vn 0.706353 -0.654574 -0.269440
vn 0.696520 -0.650515 -0.302804
vn 0.697229 -0.650822 -0.300504
vn 0.640960 -0.710889 0.289493
vn 0.640960 -0.710889 0.289493
vn 0.640960 -0.710889 0.289493
vn 0.685501 -0.645501 -0.336774
vn 0.685501 -0.645501 -0.336774
vn 0.982919 0.056740 -0.175072
vn 0.997533 -0.065411 0.025491
vn 0.997533 -0.065411 0.025491
vn 0.997533 -0.065411 0.025491
vn 0.997533 -0.065411 0.025491
vn 0.459362 -0.470613 0.753333
vn 0.459362 -0.470613 0.753333
vn 0.459362 -0.470613 0.753333
vn 0.459361 -0.470613 0.753333
vn 0.599903 -0.592191 0.537983
vn 0.599903 -0.592191 0.537983
vn 0.599903 -0.592191 0.537983
vn 0.599903 -0.592191 0.537983
vn 0.362552 0.234294 0.902032
vn 0.362552 0.234294 0.902032
vn 0.362552 0.234294 0.902032
vn 0.362552 0.234294 0.902032
vn 0.329064 0.053685 0.942780
vn 0.329064 0.053685 0.942780
vn 0.329064 0.053685 0.942780
vn 0.329064 0.053685 0.942780
vn 0.341144 0.169598 0.924585
vn 0.341144 0.169598 0.924585
vn 0.341144 0.169598 0.924585
vn 0.341144 0.169598 0.924585
vn 0.504179 0.491990 0.709753
vn 0.504179 0.491990 0.709753
vn 0.504179 0.491990 0.709753
vn 0.504179 0.491990 0.709753
vn 0.378449 0.398956 0.835231
vn 0.378449 0.398956 0.835231
vn 0.378449 0.398956 0.835231
vn 0.378449 0.398956 0.835231
vn 0.509655 0.497944 0.701643
vn 0.509655 0.497944 0.701643
vn 0.509655 0.497944 0.701643
vn 0.509655 0.497944 0.701643
vn 0.395095 -0.357171 0.846362
vn 0.395095 -0.357171 0.846362
vn 0.395095 -0.357171 0.846362
vn 0.395095 -0.357171 0.846362
vn 0.106271 0.080769 0.991051
vn 0.106271 0.080769 0.991051
vn 0.106271 0.080769 0.991051
vn 0.106271 0.080769 0.991051
vn 0.082079 -0.314330 0.945759
vn 0.000003 -0.315397 0.948960
vn 0.000003 -0.315397 0.948960
vn 0.082079 -0.314330 0.945759
vn -0.031782 -0.894660 0.445616
vn -0.031782 -0.894660 0.445616
vn -0.031782 -0.894660 0.445616
vn -0.031782 -0.894660 0.445616
vn 0.200022 -0.915063 0.350217
vn 0.200022 -0.915062 0.350217
vn 0.200022 -0.915062 0.350217
vn 0.200022 -0.915062 0.350217
vn -0.787002 0.248823 0.564549
vn -0.787002 0.248823 0.564549
vn -0.787002 0.248823 0.564549
vn -0.787002 0.248823 0.564549
vn -0.821633 0.098307 0.561475
vn -0.821633 0.098307 0.561475
vn -0.821633 0.098307 0.561475
vn -0.821633 0.098307 0.561475
vn -0.776994 0.276074 0.565741
vn -0.776994 0.276074 0.565741
vn -0.776994 0.276074 0.565741
vn -0.776995 0.276074 0.565741
vn -0.090009 0.884622 0.457539
vn -0.090009 0.884622 0.457539
vn -0.090009 0.884622 0.457539
vn -0.090009 0.884622 0.457539
vn -0.164982 0.863120 0.477288
vn -0.164982 0.863120 0.477288
vn -0.164982 0.863120 0.477288
vn -0.164982 0.863120 0.477288
vn -0.465916 0.693519 0.549504
vn -0.465916 0.693519 0.549504
vn -0.465916 0.693519 0.549504
vn -0.465916 0.693519 0.549504
vn -0.774206 -0.238298 0.586362
vn -0.774206 -0.238298 0.586362
vn -0.774206 -0.238298 0.586362
vn -0.774206 -0.238298 0.586362
vn -0.793603 -0.191322 0.577573
vn -0.793603 -0.191322 0.577573
vn -0.793603 -0.191322 0.577573
vn -0.793603 -0.191322 0.577573
vn -0.066847 -0.889240 0.452530
vn -0.000001 -0.891234 0.453544
vn -0.000001 -0.891234 0.453544
vn -0.066847 -0.889240 0.452530
vn 0.352866 -0.297839 0.887005
vn 0.352866 -0.297839 0.887005
vn 0.352866 -0.297839 0.887005
vn 0.352866 -0.297839 0.887005
vn 0.616297 -0.123697 0.777738
vn 0.616297 -0.123697 0.777738
vn 0.616297 -0.123697 0.777738
vn 0.616297 -0.123697 0.777738
vn 0.831469 0.012054 0.555440
vn 0.831469 0.012054 0.555440
vn 0.831469 0.012054 0.555440
vn 0.831469 0.012054 0.555440
vn 0.857383 -0.052551 0.511989
vn 0.857383 -0.052551 0.511989
vn 0.857383 -0.052551 0.511989
vn 0.857383 -0.052551 0.511989
vn 0.714692 -0.047136 0.697850
vn 0.714692 -0.047136 0.697850
vn 0.714692 -0.047136 0.697850
vn 0.714692 -0.047136 0.697850
vn 0.482893 0.189174 0.855001
vn 0.482893 0.189174 0.855001
vn 0.482893 0.189174 0.855001
vn 0.482893 0.189174 0.855002
vn 0.263476 0.288042 0.920659
vn 0.263476 0.288042 0.920659
vn 0.263476 0.288042 0.920658
vn 0.263476 0.288042 0.920659
vn 0.758726 0.114523 0.641264
vn 0.758726 0.114523 0.641263
vn 0.758726 0.114523 0.641263
vn 0.758726 0.114523 0.641263
vn 0.889214 -0.165526 0.426497
vn 0.889214 -0.165526 0.426497
vn 0.889214 -0.165526 0.426497
vn 0.889214 -0.165526 0.426497
vn 0.189095 0.125895 0.973855
vn 0.189095 0.125895 0.973855
vn 0.189095 0.125895 0.973855
vn 0.189095 0.125895 0.973855
vn 0.032340 -0.392217 0.919304
vn 0.000000 -0.392422 0.919785
vn 0.000000 -0.392422 0.919785
vn 0.032340 -0.392217 0.919304
vn 0.000002 0.000004 1.000000
vn -0.000000 0.000004 1.000000
vn -0.000000 0.000004 1.000000
vn 0.000003 0.000004 1.000000
vn 0.000005 0.000006 1.000000
vn 0.000004 0.000009 1.000000
vn 0.000007 0.000008 1.000000
vn -0.000000 0.000011 1.000000
vn -0.000000 0.000011 1.000000
vn 0.000021 -0.000006 1.000000
vn 0.000021 -0.000006 1.000000
vn 0.000008 0.000002 1.000000
vn 0.000008 0.000002 1.000000
vn 0.696865 0.316289 0.643693
vn 0.696865 0.316289 0.643693
vn 0.696865 0.316289 0.643693
vn 0.696865 0.316288 0.643693
vn 0.840098 0.221632 0.495091
vn 0.840098 0.221632 0.495091
vn 0.840098 0.221632 0.495091
vn 0.840098 0.221632 0.495091
vn 0.997480 -0.070955 0.000001
vn 0.997480 -0.070955 0.000001
vn 0.997479 -0.070955 0.000001
vn 0.997479 -0.070955 0.000001
vn 0.678900 -0.372961 0.632451
vn 0.678900 -0.372961 0.632451
vn 0.678900 -0.372961 0.632451
vn 0.678900 -0.372961 0.632451
vn 0.979494 -0.048970 0.195430
vn 0.979494 -0.048970 0.195430
vn 0.979494 -0.048970 0.195430
vn 0.979494 -0.048970 0.195430
vn 0.996838 0.036189 0.070748
vn 0.996838 0.036189 0.070748
vn 0.996837 0.036189 0.070748
vn 0.996837 0.036189 0.070748
vn 0.996991 -0.075324 0.018309
vn 0.997097 -0.072427 0.023478
vn 0.997097 -0.072427 0.023478
vn 0.997097 -0.072427 0.023478
vn 0.997097 -0.072427 0.023478
vn 0.997004 -0.075015 0.018860
vn 0.996651 -0.081439 0.007380
vn 0.996651 -0.081439 0.007380
vn 0.535265 0.118993 0.836260
vn 0.535266 0.118993 0.836261
vn 0.535265 0.118993 0.836261
vn 0.535265 0.118993 0.836260
vn 0.561531 -0.001423 0.827455
vn 0.561531 -0.001423 0.827455
vn 0.561531 -0.001423 0.827455
vn 0.561531 -0.001423 0.827455
vn 0.726176 -0.641664 0.246852
vn 0.726176 -0.641664 0.246852
vn 0.726176 -0.641664 0.246852
vn 0.726176 -0.641664 0.246852
vn 0.739702 -0.621883 -0.257106
vn 0.739702 -0.621883 -0.257106
vn 0.739702 -0.621883 -0.257106
vn 0.739702 -0.621883 -0.257106
vn 0.595400 -0.079877 -0.799449
vn 0.595400 -0.079877 -0.799449
vn 0.595400 -0.079877 -0.799449
vn 0.595400 -0.079877 -0.799449
vn 0.587877 0.298393 -0.751906
vn 0.587878 0.298393 -0.751906
vn 0.587877 0.298393 -0.751906
vn 0.587877 0.298393 -0.751906
vn 0.711293 0.573584 0.406280
vn 0.711293 0.573584 0.406280
vn 0.711293 0.573584 0.406280
vn 0.711293 0.573584 0.406280
vn 0.535269 0.118955 0.836264
vn 0.535269 0.118955 0.836264
vn 0.535269 0.118955 0.836264
vn 0.535269 0.118955 0.836264
vn -0.072420 0.984982 0.156735
vn -0.067532 0.980354 0.185323
vn 0.449855 0.757345 -0.473349
vn 0.452785 0.744690 -0.490330
vn 0.486290 0.680364 -0.548295
vn 0.401220 0.710256 -0.578411
vn 0.935530 0.239984 -0.259212
vn 0.906685 -0.365542 0.210479
vn 0.059761 0.987157 -0.148153
vn 0.031013 0.989526 -0.140986
vn -0.023430 0.991614 -0.127091
vn -0.023430 0.991614 -0.127091
vn -0.037142 -0.995384 0.088492
vn -0.037142 -0.995384 0.088492
vn -0.110223 -0.984921 0.133348
vn -0.137294 -0.979132 0.149839
vn 0.375679 -0.338439 -0.862742
vn 0.375679 -0.338439 -0.862742
vn 0.375679 -0.338439 -0.862742
vn 0.375679 -0.338439 -0.862742
vn 0.088229 0.180297 0.979647
vn 0.088263 0.184608 0.978841
vn 0.087607 0.122368 0.988611
vn 0.087607 0.122368 0.988611
vn -0.113347 -0.105432 -0.987946
vn -0.112072 -0.110327 -0.987557
vn -0.122447 -0.070091 -0.989997
vn -0.122447 -0.070091 -0.989997
vn -0.059020 -0.993333 0.099026
vn -0.039549 -0.996293 0.076394
vn 0.007047 -0.093387 -0.995605
vn 0.007047 -0.093387 -0.995605
vn -0.001760 0.998323 -0.057859
vn 0.003432 0.997469 -0.071021
vn 0.024545 0.998614 -0.046564
vn 0.032185 0.998211 0.050391
vn 0.088586 0.280817 0.955664
vn 0.088586 0.280817 0.955664
vn -0.202599 -0.975616 0.084424
vn -0.152417 -0.981178 0.118572
vn -0.000085 0.077200 0.997016
vn -0.000085 0.077200 0.997016
vn -0.218346 -0.955409 0.198792
vn -0.218346 -0.955409 0.198792
vn -0.100906 -0.152606 -0.983122
vn -0.100906 -0.152606 -0.983122
vn 0.139015 0.976057 -0.167298
vn 0.139015 0.976057 -0.167298
vn 0.341560 -0.698658 -0.628661
vn 0.001234 -0.707783 -0.706429
vn 0.219834 -0.633685 -0.741698
vn 0.341560 -0.698658 -0.628661
vn 0.000385 0.196608 0.980482
vn 0.000816 0.550384 0.834911
vn -0.000484 0.021671 0.999765
vn -0.000725 -0.515877 0.856662
vn 0.216661 -0.423410 0.879649
vn 0.188606 0.052336 0.980657
vn -0.000399 0.376565 0.926390
vn 0.188264 0.369838 0.909822
vn 0.001267 -0.158083 -0.987425
vn 0.001731 -0.109541 -0.993981
vn -0.019769 -0.109126 -0.993831
vn -0.013218 -0.132010 -0.991160
vn -0.000184 -0.018297 -0.999833
vn -0.000032 -0.018297 -0.999833
vn 0.226403 -0.017990 -0.973868
vn 0.226403 -0.017990 -0.973868
vn -0.000004 0.540006 0.841661
vn -0.000356 0.540006 0.841661
vn 0.252847 0.522128 0.814525
vn 0.252847 0.522128 0.814525
vn 0.272560 -0.272911 -0.922622
vn 0.272560 -0.272911 -0.922621
vn 0.272560 -0.272911 -0.922622
vn 0.272560 -0.272911 -0.922622
vn 0.001005 -0.190278 -0.981730
vn -0.003403 -0.187321 -0.982293
vn -0.000461 -0.291441 0.956589
vn 0.259138 -0.281521 0.923901
vn 0.000131 -0.214233 -0.976783
vn -0.018602 -0.214275 -0.976596
vn 0.000961 -0.486803 -0.873511
vn 0.002869 0.562009 0.827126
vn 0.003479 0.562007 0.827125
vn 0.154616 0.555013 0.817346
vn 0.154616 0.555013 0.817346
vn 0.001931 0.731475 -0.681865
vn 0.439644 0.897834 0.024651
vn 0.401040 0.896523 0.188186
vn 0.401040 0.896523 0.188186
vn 0.439023 0.898047 0.027782
vn 0.462946 0.878668 -0.116718
vn 0.462946 0.878668 -0.116718
vn 0.371048 0.535605 -0.758585
vn 0.371048 0.535604 -0.758585
vn 0.371048 0.535605 -0.758585
vn 0.371048 0.535605 -0.758585
vn 0.295801 0.066680 -0.952919
vn 0.271264 0.403423 -0.873880
vn 0.271264 0.403423 -0.873880
vn 0.295699 0.071671 -0.952589
vn 0.000071 -0.657025 -0.753869
vn 0.000044 -0.657025 -0.753869
vn 0.227947 -0.639752 -0.734001
vn 0.227947 -0.639752 -0.734001
vn -0.000581 -0.860769 -0.508996
vn 0.000140 -0.090642 -0.995884
vn 0.156808 -0.089564 -0.983560
vn 0.000574 0.237958 -0.971275
vn 0.086877 0.236763 -0.967675
vn 0.294078 -0.126615 -0.947358
vn 0.294077 -0.126613 -0.947358
vn 0.294077 -0.126613 -0.947358
vn 0.294078 -0.126615 -0.947358
vn 0.305092 0.669647 0.677120
vn 0.305092 0.669647 0.677120
vn 0.305092 0.669647 0.677120
vn 0.305092 0.669647 0.677120
vn -0.000174 -0.813672 0.581324
vn -0.000169 -0.813672 0.581324
vn 0.041270 -0.812868 0.580985
vn 0.041270 -0.812868 0.580985
vn 0.000003 0.110870 0.993835
vn 0.000014 0.110870 0.993835
vn -0.240373 0.107630 0.964695
vn -0.240373 0.107630 0.964695
vn 0.000010 0.867498 0.497440
vn 0.000027 0.867498 0.497440
vn -0.227159 0.844820 0.484436
vn -0.227159 0.844820 0.484436
vn -0.000004 0.256780 0.966470
vn -0.000004 0.256780 0.966470
vn -0.146088 0.254027 0.956101
vn -0.146088 0.254027 0.956101
vn -0.000000 0.000002 1.000000
vn -0.000001 0.479363 0.877617
vn -0.000001 0.479363 0.877617
vn 0.184839 0.471103 0.862494
vn 0.184839 0.471103 0.862494
vn -0.000004 -0.556752 0.830679
vn -0.000004 -0.556752 0.830679
vn -0.067808 -0.555467 0.828769
vn -0.067808 -0.555467 0.828769
vn -0.568503 -0.817145 -0.095278
vn -0.568503 -0.817145 -0.095278
vn -0.568503 -0.817145 -0.095278
vn -0.568503 -0.817145 -0.095278
vn -0.655229 0.755242 -0.016861
vn -0.650927 0.709758 -0.269328
vn -0.650927 0.709758 -0.269328
vn -0.655579 0.754802 -0.022136
vn -0.682142 0.374470 -0.628056
vn -0.699324 0.094744 -0.708498
vn -0.696875 0.053282 -0.715210
vn -0.682142 0.374470 -0.628056
vn -0.941711 0.325937 -0.083340
vn -0.937066 0.303305 -0.172952
vn -0.999070 0.033072 -0.027686
vn -0.983658 0.140718 -0.112316
vn -0.651774 0.502920 -0.567681
vn -0.651775 0.502920 -0.567681
vn -0.651774 0.502920 -0.567681
vn -0.502821 -0.567993 -0.651579
vn -0.502821 -0.567993 -0.651579
vn -0.502821 -0.567993 -0.651579
vn -0.372239 -0.450467 -0.811491
vn -0.372239 -0.450467 -0.811491
vn -0.372239 -0.450467 -0.811491
vn -0.372239 -0.450467 -0.811491
vn -0.000243 -1.000000 0.000168
vn -0.000243 -1.000000 0.000168
vn -0.000224 -1.000000 0.000115
vn -0.000136 -1.000000 -0.000130
vn -0.000020 -0.401042 -0.916060
vn -0.000020 -0.401042 -0.916059
vn -0.000020 -0.401042 -0.916060
vn -0.000020 -0.401042 -0.916059
vn 0.001109 -0.795806 -0.605551
vn -0.026345 -0.803193 -0.595136
vn -0.277340 -0.012817 0.960687
vn -0.234252 0.130923 0.963320
vn -0.916771 0.084991 0.390265
vn -0.780435 0.078014 0.620351
vn -0.799247 0.081849 0.595403
vn -0.964249 0.234486 -0.123452
vn -0.889210 0.385352 -0.246597
vn -0.896266 0.382940 -0.223749
vn -0.983319 0.148512 -0.105011
vn -0.088729 -0.846477 -0.524979
vn -0.064783 -0.844113 -0.532237
vn -0.326235 -0.209440 0.921795
vn -0.326235 -0.209440 0.921795
vn -0.982165 -0.185950 -0.027849
vn -0.982165 -0.185950 -0.027849
vn -0.966496 -0.015369 0.256220
vn -0.966496 -0.015369 0.256220
vn -0.061856 -0.005478 -0.998070
vn -0.380284 0.001923 -0.924868
vn -0.431227 0.039681 -0.901370
vn -0.074780 0.033838 -0.996626
vn 0.000625 -1.000000 0.000534
vn 0.000900 -0.999999 0.000848
vn 0.001075 -0.999999 0.000423
vn 0.000774 -1.000000 0.000237
vn -0.978557 0.103895 -0.177856
vn -0.999400 0.010975 -0.032853
vn -0.999990 -0.001843 -0.004071
vn -0.951517 0.307504 -0.007503
vn 0.965506 0.257834 0.036348
vn 0.981582 0.187673 0.035728
vn 0.952675 0.263431 0.151702
vn 0.000000 -0.000001 1.000000
vn 0.000001 -0.000000 1.000000
vn 0.000001 -0.000000 1.000000
vn 0.000000 -0.000001 1.000000
vn -0.999994 0.003171 -0.001196
vn -0.999995 0.002838 -0.001338
vn -0.067954 0.006251 -0.997669
vn -0.373696 0.003773 -0.927544
vn 0.996320 0.056810 -0.064177
vn 0.994257 0.106746 -0.007701
vn 0.989050 0.142789 0.037296
vn 0.989114 0.145622 0.021168
vn 0.001213 -0.999999 0.000088
vn 0.000895 -1.000000 -0.000035
vn 0.257217 -0.011020 -0.966291
vn 0.258103 0.008179 -0.966083
vn 0.253817 0.009133 -0.967209
vn -0.000000 -0.000001 1.000000
vn -0.000000 -0.000001 1.000000
vn -0.999999 0.001158 -0.001240
vn -0.999055 0.042288 -0.010049
vn -1.000000 -0.000588 0.000394
vn -0.999999 0.000874 -0.000843
vn -0.999997 0.001938 -0.001283
vn -1.000000 0.000655 -0.000540
vn 0.000027 -0.999954 -0.009595
vn 0.000228 -0.999923 -0.012417
vn 0.000389 -0.999922 -0.012479
vn 0.000148 -0.999951 -0.009884
vn 0.000541 -0.999924 -0.012320
vn 0.000272 -0.999944 -0.010607
vn 0.989452 0.144699 -0.006809
vn 0.996552 0.082706 -0.006580
vn 0.998147 0.059609 0.012202
vn 0.984400 0.175850 0.005835
vn 0.994237 0.072165 -0.079278
vn 0.988167 0.151340 -0.024946
vn 0.000957 0.976441 0.215785
vn 0.018164 0.989085 0.146225
vn -0.002670 0.988493 0.151245
vn -0.001062 0.976637 0.214895
vn -0.011360 0.993201 0.115860
vn -0.002929 0.977574 0.210574
vn 0.002332 0.939871 0.341521
vn -0.000319 0.939946 0.341323
vn -0.002781 0.940010 0.341137
vn -1.000000 0.000200 -0.000115
vn -1.000000 0.000170 -0.000099
vn 0.000076 -1.000000 -0.000044
vn 0.000002 -1.000000 0.000000
vn 0.000150 -1.000000 -0.000089
vn 0.998072 0.012701 0.060748
vn 0.998154 -0.000345 0.060733
vn 0.148412 0.812794 0.563329
vn 0.208415 0.805289 0.555042
vn 0.038490 0.831668 0.553937
vn 0.029576 0.816882 0.576046
vn -0.849562 0.525433 0.046525
vn -0.966033 0.257408 0.022831
vn -0.761941 0.646765 0.033773
vn -0.138292 0.833083 0.535582
vn -0.088374 0.804929 0.586753
vn 0.000002 -0.999592 0.028560
vn 0.000002 -0.999592 0.028560
vn -0.000000 -0.999592 0.028562
vn -0.000000 -0.999592 0.028562
vn -1.000000 0.000006 -0.000011
vn -1.000000 0.000006 -0.000011
vn -0.000004 0.829702 0.558207
vn -0.000004 0.829702 0.558207
vn -0.000002 0.829701 0.558208
vn -0.000002 0.829701 0.558208
vn 0.000004 -0.999592 0.028558
vn 0.000004 -0.999592 0.028558
vn -0.000000 0.829700 0.558210
vn -0.000000 0.829700 0.558210
vn 1.000000 -0.000006 0.000014
vn 1.000000 -0.000006 0.000014
vn 1.000000 -0.000006 0.000014
vn 1.000000 -0.000006 0.000014
vn -0.951707 -0.211083 0.222929
vn -0.859283 -0.203668 0.469204
vn -0.796630 0.151166 0.585259
vn -0.796631 0.151166 0.585259
vn -0.782352 0.076303 0.618145
vn -0.560926 0.619408 0.549268
vn -0.746000 0.240624 0.620955
vn -0.136634 0.280343 0.950126
vn 0.013864 0.732248 0.680897
vn -0.871260 0.027571 -0.490046
vn -0.871260 0.027571 -0.490046
vn -0.871261 0.027571 -0.490046
vn -0.871261 0.027571 -0.490046
vn -0.580242 0.652644 0.487211
vn -0.580242 0.652644 0.487211
vn -0.580242 0.652644 0.487211
vn -0.580242 0.652644 0.487211
vn -0.026749 0.617465 0.786143
vn -0.026749 0.617465 0.786143
vn 0.122841 0.426991 -0.895873
vn 0.122841 0.426991 -0.895873
vn -0.405791 0.560758 0.721723
vn -0.405791 0.560758 0.721723
vn -0.405791 0.560758 0.721723
vn -0.405791 0.560758 0.721723
vn -0.130471 -0.273412 0.953007
vn -0.130471 -0.273412 0.953008
vn -0.847975 0.287014 -0.445602
vn -0.848748 0.265581 -0.457267
vn -0.848749 0.265581 -0.457267
vn -0.847946 0.287630 -0.445262
vn -0.833007 0.283861 0.474893
vn -0.814804 0.326245 0.479227
vn -0.814804 0.326245 0.479227
vn -0.836610 0.274862 0.473850
vn -0.027536 -0.286167 -0.957784
vn 0.023076 -0.271118 -0.962270
vn 0.023076 -0.271118 -0.962270
vn -0.050098 -0.292623 -0.954915
vn -0.054337 -0.092590 0.994221
vn -0.009459 -0.017229 0.999807
vn -0.009459 -0.017229 0.999807
vn -0.042245 -0.072285 0.996489
vn -0.841375 -0.068262 -0.536123
vn -0.841376 -0.068262 -0.536123
vn -0.841375 -0.068262 -0.536123
vn -0.841376 -0.068262 -0.536123
vn -0.840283 -0.036599 0.540911
vn -0.840283 -0.036599 0.540911
vn -0.840283 -0.036599 0.540911
vn -0.840283 -0.036599 0.540911
vn 0.001200 -0.032682 -0.999465
vn 0.001200 -0.032682 -0.999465
vn 0.001200 -0.032682 -0.999465
vn 0.001200 -0.032682 -0.999465
vn -0.000644 0.032684 0.999466
vn -0.000644 0.032684 0.999466
vn -0.000644 0.032684 0.999466
vn -0.000644 0.032684 0.999466
vn 0.964993 0.070415 -0.252645
vn 0.964993 0.070415 -0.252645
vn 0.964993 0.070415 -0.252645
vn 0.964993 0.070415 -0.252645
vn 0.966074 0.083139 0.244518
vn 0.966074 0.083139 0.244518
vn 0.966074 0.083139 0.244518
vn 0.966074 0.083139 0.244518
vn -0.955211 -0.292669 -0.043789
vn -0.957929 -0.259371 -0.122878
vn -0.956703 -0.276792 0.090028
vn -0.845421 -0.334958 0.416013
vn -0.824151 -0.169666 0.540359
vn -0.980588 -0.194855 -0.021864
vn -0.940970 -0.184207 -0.283978
vn -0.845287 0.325410 -0.423791
vn -0.845287 0.325410 -0.423791
vn -0.890378 0.096365 0.444906
vn -0.890378 0.096365 0.444906
vn -0.142989 -0.241430 0.959826
vn -0.142989 -0.241430 0.959826
vn -0.157103 -0.321107 -0.933921
vn -0.157103 -0.321107 -0.933921
vn -0.694188 -0.038241 -0.718777
vn -0.694188 -0.038241 -0.718777
vn -0.694188 -0.038241 -0.718777
vn -0.694188 -0.038241 -0.718777
vn -0.179659 0.518844 -0.835777
vn -0.179659 0.518844 -0.835778
vn -0.179659 0.518844 -0.835778
vn -0.179659 0.518844 -0.835778
vn 0.327500 0.942014 0.073170
vn 0.327500 0.942014 0.073170
vn 0.327500 0.942014 0.073170
vn 0.327500 0.942014 0.073170
vn -0.394379 0.576967 0.715244
vn -0.394379 0.576967 0.715244
vn -0.394379 0.576967 0.715244
vn -0.394379 0.576967 0.715244
vn -0.770834 0.007646 0.636991
vn -0.770834 0.007646 0.636991
vn -0.770834 0.007646 0.636991
vn -0.770834 0.007646 0.636991
vn -0.910963 -0.411926 -0.021526
vn -0.910963 -0.411926 -0.021526
vn -0.910963 -0.411926 -0.021526
vn -0.910963 -0.411926 -0.021526
vn -0.833778 0.075063 -0.546974
vn -0.833778 0.075063 -0.546974
vn -0.833778 0.075063 -0.546974
vn -0.833778 0.075063 -0.546974
vn -0.786413 0.047511 0.615871
vn -0.786413 0.047511 0.615871
vn -0.178357 0.109189 0.977889
vn -0.028727 0.213526 -0.976515
vn -0.028727 0.213526 -0.976515
vn -0.725450 0.683973 0.076837
vn -0.445630 0.887311 0.118718
vn -0.401010 0.697701 0.593636
vn -0.416548 0.400798 0.815996
vn -0.477624 0.384392 -0.790012
vn -0.485762 0.764254 -0.424207
vn -0.103225 0.576835 0.810312
vn -0.043072 0.536402 0.842863
vn -0.017118 0.499004 0.866430
vn -0.091215 0.577650 0.811172
vn -0.167404 -0.250240 -0.953601
vn -0.133402 -0.219465 -0.966457
vn -0.166365 -0.234139 -0.957863
vn -0.166459 -0.250416 -0.953721
vn -0.026524 0.472667 -0.880842
vn -0.110884 0.568496 -0.815179
vn -0.067495 0.518501 -0.852409
vn -0.015087 0.464988 -0.885189
vn -0.015847 0.980899 0.193870
vn -0.008455 0.957225 0.289220
vn -0.010650 0.951219 0.308333
vn -0.011670 0.977272 0.211667
vn -0.153106 -0.227739 0.961610
vn -0.103833 -0.271379 0.956855
vn -0.061114 -0.332021 0.941290
vn -0.150929 -0.227823 0.961934
vn -0.271747 -0.960495 -0.060024
vn -0.171628 -0.978928 -0.110652
vn -0.166136 -0.979713 -0.112074
vn -0.276386 -0.958936 -0.063662
vn -0.356142 0.439672 0.824531
vn -0.268740 0.352543 0.896378
vn -0.268740 0.352543 0.896378
vn -0.303010 0.386911 0.870910
vn 0.188973 -0.016843 -0.981838
vn 0.139232 0.020296 -0.990052
vn 0.139232 0.020296 -0.990052
vn 0.224324 -0.043540 -0.973541
vn 0.096536 0.619651 -0.778918
vn 0.096536 0.619651 -0.778918
vn 0.112097 0.585724 -0.802721
vn 0.105073 0.601239 -0.792131
vn -0.092189 0.993206 0.071015
vn -0.004768 0.992667 0.120787
vn -0.178532 0.983054 0.041604
vn -0.245243 -0.449362 0.859028
vn 0.148990 -0.524895 0.838026
vn 0.148990 -0.524895 0.838026
vn -0.085810 -0.489892 0.867550
vn 0.083695 -0.992554 -0.088500
vn 0.125064 -0.990558 -0.056167
vn 0.016911 -0.999143 -0.037769
vn -0.140980 0.051931 0.988650
vn -0.146756 0.080189 0.985917
vn -0.146756 0.080189 0.985917
vn -0.141172 0.052865 0.988573
vn 0.479008 0.278493 -0.832462
vn 0.602655 0.279340 -0.747513
vn 0.602655 0.279340 -0.747513
vn 0.505134 0.279176 -0.816639
vn 0.342891 0.857443 -0.383690
vn 0.406769 0.834327 -0.372073
vn 0.406769 0.834326 -0.372073
vn 0.268259 0.878783 -0.394688
vn 0.108393 0.944776 0.309273
vn 0.165002 0.932297 0.321865
vn 0.165002 0.932297 0.321865
vn 0.114888 0.943517 0.310769
vn -0.277251 -0.886521 0.370421
vn -0.317416 -0.923681 0.214618
vn -0.317416 -0.923681 0.214618
vn -0.271313 -0.879728 0.390472
vn -0.020698 -0.876571 -0.480828
vn 0.099687 -0.920317 -0.378258
vn 0.099687 -0.920317 -0.378258
vn 0.036210 -0.900232 -0.433903
vn -0.414667 -0.389981 0.822172
vn -0.414667 -0.389981 0.822172
vn -0.052075 -0.996871 -0.059461
vn 0.286502 -0.091134 -0.953735
vn 0.286502 -0.091134 -0.953735
vn 0.122382 0.562393 -0.817764
vn 0.122382 0.562393 -0.817764
vn -0.226134 0.974092 0.002900
vn -0.388527 0.471484 0.791675
vn -0.388527 0.471484 0.791675
vn -0.153996 -0.249295 0.956105
vn -0.192787 -0.237774 0.951996
vn -0.197603 -0.236310 0.951373
vn -0.153996 -0.249295 0.956105
vn 0.009897 -0.999757 0.019698
vn -0.071333 -0.997339 0.015080
vn -0.089376 -0.995899 0.014037
vn 0.009897 -0.999757 0.019698
vn 0.071715 -0.282514 -0.956579
vn 0.010424 -0.276708 -0.960897
vn 0.014951 -0.277173 -0.960704
vn 0.071715 -0.282514 -0.956579
vn 0.025339 0.427703 -0.903564
vn 0.034249 0.427646 -0.903297
vn 0.029208 0.427683 -0.903457
vn 0.025339 0.427703 -0.903564
vn -0.145454 0.987837 -0.054966
vn -0.112703 0.992576 -0.045720
vn -0.106522 0.993338 -0.043973
vn -0.145454 0.987837 -0.054966
vn -0.167045 0.555691 0.814435
vn -0.173027 0.560968 0.809554
vn -0.174844 0.562563 0.808055
vn -0.167045 0.555691 0.814435
vn 0.002597 0.452965 0.891525
vn -0.241798 0.442169 0.863725
vn -0.241798 0.442169 0.863725
vn -0.023843 0.453124 0.891129
vn -0.015688 0.944367 0.328518
vn -0.040860 0.999111 0.010354
vn -0.040860 0.999111 0.010354
vn -0.016404 0.947204 0.320211
vn -0.124057 0.609746 -0.782828
vn 0.153547 0.588149 -0.794043
vn 0.153547 0.588149 -0.794043
vn -0.140953 0.609528 -0.780134
vn -0.055069 -0.201359 -0.977968
vn 0.284898 -0.185330 -0.940471
vn 0.284898 -0.185330 -0.940471
vn -0.080884 -0.201615 -0.976119
vn -0.008101 -0.989365 -0.145232
vn 0.021393 -0.997322 -0.069934
vn 0.021393 -0.997322 -0.069934
vn -0.008496 -0.989214 -0.146235
vn -0.037709 -0.382422 0.923218
vn -0.307177 -0.385351 0.870142
vn -0.307177 -0.385351 0.870142
vn -0.051594 -0.383274 0.922193
vn -0.007358 -0.606119 0.795340
vn -0.055848 -0.721725 0.689923
vn -0.044699 -0.720426 0.692090
vn -0.007164 -0.604064 0.796904
vn -0.039662 -0.956590 -0.288726
vn -0.069766 -0.867946 -0.491735
vn -0.069642 -0.867646 -0.492281
vn -0.040097 -0.955739 -0.291471
vn -0.076467 0.080959 -0.993780
vn -0.088831 0.177779 -0.980053
vn -0.068153 0.185199 -0.980335
vn -0.077454 0.082498 -0.993577
vn -0.055014 0.821334 -0.567788
vn -0.041138 0.906994 -0.419130
vn -0.061066 0.905572 -0.419774
vn -0.053586 0.816644 -0.574648
vn -0.028387 0.966768 0.254075
vn 0.000898 0.952664 0.304023
vn 0.004068 0.953231 0.302216
vn -0.027672 0.966384 0.255610
vn 0.002691 0.160461 0.987039
vn -0.015823 0.009550 0.999829
vn -0.016274 0.009475 0.999823
vn 0.002752 0.159670 0.987167
vn 0.003553 -0.501804 0.864974
vn -0.005595 -0.588606 0.808401
vn -0.005847 -0.590911 0.806716
vn 0.003553 -0.501804 0.864974
vn -0.040986 -0.986542 -0.158286
vn -0.038230 -0.962115 -0.269950
vn -0.038272 -0.962543 -0.268415
vn -0.040986 -0.986542 -0.158286
vn -0.095155 0.056309 -0.993869
vn -0.075146 0.076074 -0.994266
vn -0.076100 0.075135 -0.994265
vn -0.095155 0.056309 -0.993869
vn -0.070676 0.776299 -0.626391
vn -0.053435 0.812346 -0.580722
vn -0.055410 0.808390 -0.586034
vn -0.070676 0.776299 -0.626391
vn -0.028155 0.980027 0.196863
vn -0.029460 0.968978 0.245383
vn -0.029560 0.968003 0.249191
vn -0.028155 0.980027 0.196863
vn 0.000526 0.257089 0.966388
vn 0.001752 0.180556 0.983563
vn 0.001852 0.174245 0.984701
vn 0.000526 0.257089 0.966388
vn 0.957798 -0.222932 -0.181452
vn 0.957798 -0.222932 -0.181452
vn 0.957798 -0.222932 -0.181452
vn 0.957798 -0.222932 -0.181452
vn 0.941882 -0.268139 0.202385
vn 0.941882 -0.268139 0.202386
vn 0.941882 -0.268139 0.202386
vn 0.941882 -0.268139 0.202386
vn 0.804475 -0.583104 0.113181
vn 0.646420 -0.755531 0.106366
vn 0.468504 -0.878353 0.094865
vn 0.804475 -0.583104 0.113181
vn 0.264686 -0.961128 0.078577
vn 0.264686 -0.961128 0.078577
vn 0.264686 -0.961128 0.078577
vn 0.061618 -0.984296 0.165422
vn 0.048888 -0.986200 0.158173
vn -0.834063 -0.143638 -0.532642
vn -0.832787 -0.150863 -0.532640
vn -0.833442 -0.149623 -0.531966
vn -0.834062 -0.143638 -0.532642
vn -0.887503 -0.077113 0.454304
vn -0.896371 -0.084249 0.435226
vn -0.896250 -0.084150 0.435494
vn -0.887503 -0.077113 0.454304
vn 0.058812 -0.204751 -0.977046
vn 0.059323 -0.201107 -0.977771
vn 0.059297 -0.201292 -0.977735
vn 0.058812 -0.204751 -0.977046
vn -0.007043 0.138049 0.990400
vn -0.005517 0.144762 0.989451
vn -0.005152 0.146368 0.989217
vn -0.007043 0.138049 0.990400
vn 0.935861 -0.071952 -0.344945
vn 0.999950 -0.008686 0.004890
vn 0.932436 -0.085019 -0.351191
vn 0.935861 -0.071952 -0.344945
vn 0.942029 0.064081 0.329355
vn 0.936938 0.063906 0.343604
vn 0.942029 0.064081 0.329355
vn -0.750466 -0.010160 -0.660832
vn -0.713421 -0.090732 -0.694836
vn -0.713421 -0.090732 -0.694836
vn -0.737909 -0.039180 -0.673762
vn -0.896673 -0.059295 0.438705
vn -0.894713 -0.101768 0.434893
vn -0.894713 -0.101768 0.434893
vn -0.896532 -0.064146 0.438311
vn 0.026470 0.005548 -0.999634
vn 0.034190 -0.046852 -0.998317
vn 0.034190 -0.046852 -0.998317
vn 0.025203 0.014099 -0.999583
vn -0.039346 -0.126022 0.991247
vn -0.045941 -0.033798 0.998372
vn -0.045941 -0.033798 0.998372
vn -0.039965 -0.117613 0.992255
vn 0.998950 -0.014365 -0.043500
vn 0.908936 -0.034106 -0.415538
vn 0.908936 -0.034106 -0.415538
vn 0.894539 0.045684 -0.444649
vn 0.895718 -0.060849 0.440440
vn 0.882590 -0.043352 0.468141
vn 0.882590 -0.043352 0.468141
vn 0.030279 0.139981 -0.989691
vn 0.029462 0.145876 -0.988864
vn -0.002272 0.245849 -0.969305
vn -0.001720 0.246649 -0.969104
vn -0.824821 0.215490 -0.522718
vn -0.835668 -0.057705 -0.546195
vn -0.830652 -0.033335 -0.555793
vn -0.931453 -0.052157 0.360104
vn -0.928715 -0.041861 0.368423
vn -0.944789 -0.139054 0.296711
vn -0.945389 -0.140262 0.294222
vn -0.024662 -0.353025 0.935289
vn -0.023137 -0.364631 0.930865
vn -0.023873 -0.170561 0.985058
vn -0.020747 -0.129820 0.991320
vn 0.972210 -0.062884 0.225507
vn 0.999912 0.003388 0.012833
vn 0.850800 0.196128 -0.487518
vn 0.925444 -0.130725 0.355619
vn 0.914796 -0.084496 0.394978
vn 0.894713 0.022162 -0.446092
vn -0.824134 0.219290 -0.522222
vn 0.307211 -0.942538 -0.131314
vn -0.091934 -0.991315 -0.094032
vn -0.319396 0.941923 -0.103770
vn -0.126547 0.979870 0.154404
vn -0.186546 -0.968126 0.167132
vn -0.121127 -0.987813 0.097740
vn -0.027981 -0.992193 0.121536
vn 0.019193 -0.990833 0.133720
vn 0.492257 -0.092208 -0.865553
vn 0.360415 -0.100651 -0.927346
vn 0.360415 -0.100651 -0.927346
vn 0.472118 -0.093673 -0.876544
vn -0.004443 -0.994897 0.100800
vn -0.038002 -0.994808 0.094404
vn 0.623316 -0.062672 -0.779455
vn 0.620001 -0.065459 -0.781866
vn 0.000552 -0.989808 0.142411
vn -0.154764 -0.983290 0.095862
vn -0.201330 -0.977065 0.069352
vn -0.082669 -0.985517 0.148062
vn 0.213880 -0.086163 -0.973053
vn 0.199859 -0.084239 -0.976197
vn 0.199859 -0.084239 -0.976197
vn 0.209329 -0.085540 -0.974097
vn 0.032756 0.995139 -0.092871
vn -0.030077 0.998989 -0.033406
vn -0.024715 0.997968 -0.058733
vn 0.049503 0.995375 -0.082333
vn 0.028993 0.087058 0.995781
vn 0.028993 0.087058 0.995781
vn -0.146195 0.139536 0.979365
vn -0.191341 0.152527 0.969600
vn -0.023476 -0.997246 0.070353
vn -0.131531 -0.991065 0.022155
vn 0.089381 -0.993449 0.071200
vn 0.123725 -0.989851 0.069904
vn 0.014546 -0.073933 -0.997157
vn -0.048187 -0.073548 -0.996127
vn -0.062005 -0.074753 -0.995273
vn 0.025437 -0.071862 -0.997090
vn -0.053842 0.063574 0.996524
vn -0.050824 0.059418 0.996939
vn -0.050824 0.059418 0.996939
vn -0.053732 0.063423 0.996539
vn -0.058982 -0.994584 0.085584
vn -0.100661 -0.992007 0.076090
vn -0.211177 -0.977429 0.006075
vn -0.199396 -0.979838 0.012628
vn -0.161904 0.979446 -0.120306
vn -0.264665 0.962838 -0.053813
vn -0.011295 0.998414 -0.055156
vn 0.016687 0.998275 -0.056284
vn 0.065978 0.996388 -0.053465
vn 0.065446 0.996385 -0.054161
vn 0.059667 -0.994224 0.089211
vn 0.093828 -0.991169 0.093703
vn 0.070809 -0.996614 0.041794
vn 0.048696 -0.996974 0.060592
vn -0.015737 -0.086625 -0.996117
vn -0.016831 -0.085776 -0.996172
vn 0.021499 0.998336 -0.053516
vn 0.028505 0.997448 -0.065467
vn -0.036580 0.999101 -0.021418
vn 0.023548 0.999427 -0.024327
vn -0.028997 0.071240 0.997038
vn -0.032429 0.070531 0.996982
vn -0.352966 0.888094 -0.294454
vn -0.440716 0.776352 -0.450607
vn -0.437132 0.797105 -0.416581
vn -0.380347 0.864112 -0.329615
vn 0.230325 0.760710 0.606853
vn 0.161399 0.765750 0.622557
vn 0.160783 0.765028 0.623604
vn 0.247434 0.756421 0.605478
vn 0.368042 -0.241408 0.897924
vn 0.271852 -0.295320 0.915905
vn 0.267131 -0.333894 0.903967
vn 0.360519 -0.244538 0.900126
vn 0.355365 0.521094 0.776000
vn 0.257417 0.476075 0.840886
vn 0.256418 0.479265 0.839378
vn 0.404055 0.536568 0.740834
vn -0.134912 -0.982306 0.129897
vn -0.073575 -0.977269 0.198827
vn -0.073829 -0.977370 0.198236
vn -0.161719 -0.981841 0.099174
vn -0.476232 0.692718 -0.541613
vn -0.725441 0.550416 -0.413253
vn -0.498957 0.706735 -0.501565
vn -0.476232 0.692718 -0.541613
vn 0.075433 0.770773 0.632628
vn 0.075433 0.770773 0.632628
vn 0.075433 0.770774 0.632628
vn 0.075433 0.770774 0.632628
vn 0.034440 -0.312949 0.949145
vn 0.034440 -0.312949 0.949145
vn 0.034440 -0.312949 0.949145
vn 0.034440 -0.312949 0.949145
vn 0.151060 0.348894 0.924907
vn 0.151060 0.348894 0.924907
vn 0.151060 0.348894 0.924907
vn 0.151060 0.348894 0.924907
vn -0.415630 -0.677112 -0.607266
vn -0.411133 -0.684544 -0.601972
vn -0.411132 -0.684544 -0.601972
vn -0.416639 -0.675424 -0.608452
vn -0.658397 0.519800 -0.544354
vn -0.449734 0.757413 -0.473355
vn -0.449747 0.757422 -0.473329
vn -0.310528 -0.949513 0.044704
vn -0.310528 -0.949513 0.044704
vn -0.310528 -0.949513 0.044704
vn -0.310528 -0.949513 0.044704
vn -0.459450 -0.535319 -0.708759
vn -0.445219 -0.515793 -0.731941
vn -0.445219 -0.515793 -0.731942
vn -0.452798 -0.526178 -0.719799
vn -0.972327 0.213150 -0.095641
vn -0.449402 0.669705 0.591213
vn -0.344951 0.394197 0.851832
vn -0.334269 0.369469 0.867039
vn -0.218466 -0.035745 0.975190
vn -0.629007 -0.517396 0.580216
vn -0.677278 -0.592087 0.436724
vn -0.191797 0.066958 0.979148
vn -0.631418 -0.596484 -0.495498
vn -0.630159 -0.599618 -0.493313
vn -0.603791 -0.658341 -0.449470
vn -0.519143 0.692770 -0.500560
vn -0.665879 -0.706577 -0.239488
vn -0.652536 -0.537782 -0.533842
vn -0.014338 0.999302 0.034492
vn 0.026856 0.997296 0.068408
vn 0.016887 0.997071 0.074588
vn 0.005193 0.999843 0.016963
vn 0.074660 0.996460 -0.038638
vn -0.012813 0.999795 -0.015655
vn -0.057564 0.990736 -0.122998
vn -0.059494 0.991784 -0.113250
vn -0.067621 0.988271 -0.136920
vn -0.065736 0.982725 -0.173003
vn -0.078300 0.993522 -0.082357
vn -0.078300 0.993522 -0.082357
vn -0.078300 0.993522 -0.082357
vn -0.078300 0.993522 -0.082357
vn 0.078753 -0.990130 -0.115934
vn 0.078753 -0.990130 -0.115934
vn 0.078753 -0.990130 -0.115934
vn 0.078753 -0.990130 -0.115934
vn -0.082220 0.981416 -0.173385
vn -0.076449 0.986791 -0.142825
vn -0.095984 0.983098 -0.155905
vn -0.017686 0.985920 -0.166281
vn -0.068090 0.992676 -0.099789
vn -0.094132 0.983855 -0.152213
vn -0.112720 0.983515 -0.141395
vn 0.004807 0.997718 -0.067349
vn -0.073266 0.983695 -0.164243
vn -0.073266 0.983695 -0.164243
vn -0.052125 0.990601 -0.126466
vn -0.052125 0.990601 -0.126466
vn -0.471813 -0.580304 -0.663807
vn -0.509051 -0.601001 -0.616169
vn -0.522090 -0.605859 -0.600298
vn -0.471111 -0.582322 -0.662537
vn -0.441005 -0.633331 -0.635930
vn -0.514338 -0.648838 -0.560772
vn -0.513696 -0.648676 -0.561547
vn -0.439922 -0.635246 -0.634768
vn -0.501613 0.685824 -0.527284
vn -0.477043 0.625412 -0.617487
vn -0.446267 0.658067 -0.606459
vn -0.502321 0.674401 -0.541163
vn 0.579512 0.649848 0.491796
vn 0.583249 0.652729 0.483493
vn 0.644040 -0.005135 0.764975
vn 0.626260 -0.025017 0.779213
vn -0.057693 -0.998330 -0.002879
vn 0.076636 -0.995016 -0.063799
vn -0.530602 -0.658082 -0.534218
vn -0.523032 -0.681393 -0.511997
vn -0.616787 -0.706628 -0.346772
vn -0.609407 -0.700720 -0.370964
vn -0.725291 0.355092 -0.589798
vn -0.969059 0.020785 -0.245952
vn -0.299868 0.922252 -0.243987
vn -0.301459 0.919998 -0.250451
vn 0.571608 0.796453 0.197300
vn 0.528304 0.802693 0.276728
vn -0.073030 -0.977052 0.200090
vn -0.073030 -0.977052 0.200090
vn 0.249043 -0.453644 0.855678
vn 0.249043 -0.453644 0.855678
vn 0.264673 0.452367 0.851653
vn 0.264673 0.452367 0.851653
vn 0.137989 0.737487 0.661115
vn 0.137989 0.737487 0.661114
vn -0.446112 0.726371 -0.522847
vn -0.446112 0.726371 -0.522847
vn -0.486521 0.716058 -0.500558
vn -0.489783 0.713164 -0.501508
vn 0.658256 0.118997 -0.743330
vn 0.658438 0.110167 -0.744528
vn 0.110044 0.978446 -0.174738
vn 0.128729 0.972956 -0.191795
vn 0.008100 0.995620 0.093140
vn -0.024021 0.991480 0.128022
vn 0.109667 0.992955 0.044876
vn 0.031095 0.986172 0.162779
vn 0.110193 0.993096 0.040219
vn 0.102990 -0.991493 0.079588
vn -0.023405 -0.994984 0.097257
vn -0.010456 -0.995373 0.095518
vn -0.149372 -0.988780 0.001706
vn -0.135736 -0.990623 -0.015579
vn 0.103485 -0.990567 0.089820
vn -0.131310 -0.967422 -0.216453
vn -0.098470 -0.965571 -0.240784
vn 0.210621 -0.969700 0.123774
vn 0.228932 0.281289 0.931916
vn 0.191510 0.272907 0.942786
vn 0.191510 0.272907 0.942786
vn 0.178433 0.314840 0.932222
vn -0.364993 0.503244 0.783279
vn -0.406994 0.617972 0.672657
vn -0.185846 0.582677 0.791169
vn -0.313006 0.562894 0.764969
vn 0.051653 0.523977 0.850165
vn 0.011436 0.546221 0.837563
vn 0.660852 0.706057 0.254476
vn 0.660853 0.706057 0.254476
vn 0.782598 0.183267 0.594940
vn 0.782598 0.183267 0.594940
vn 0.204255 -0.971401 -0.121079
vn 0.204255 -0.971401 -0.121079
vn -0.498764 -0.742737 -0.446739
vn -0.498764 -0.742737 -0.446739
vn -0.665085 -0.738386 -0.111570
vn -0.665085 -0.738386 -0.111570
vn -0.516919 -0.733202 0.441825
vn -0.725163 -0.591811 0.351992
vn -0.303277 0.917341 -0.257892
vn -0.303277 0.917341 -0.257892
vn 0.700569 0.696704 -0.154295
vn 0.700569 0.696704 -0.154295
vn -0.090006 0.995843 -0.013976
vn -0.006579 0.995483 0.094707
vn -0.037283 0.996412 0.075976
vn -0.098811 0.994425 -0.036804
vn -0.180054 -0.948253 -0.261527
vn -0.089649 -0.974105 -0.207564
vn -0.126923 -0.960716 -0.246810
vn -0.168238 -0.955526 -0.242213
vn -0.133163 -0.973677 -0.184988
vn -0.133163 -0.973677 -0.184988
vn -0.328534 -0.944492 0.000462
vn -0.328534 -0.944492 0.000462
vn -0.328534 -0.944492 0.000462
vn -0.328534 -0.944492 0.000462
vn 0.082902 -0.995958 -0.034570
vn 0.009808 -0.978192 0.207471
vn 0.156954 -0.987175 0.029188
vn 0.095435 -0.994756 0.036767
vn 0.013386 -0.998733 0.048512
vn -0.321174 0.947020 0.000711
vn -0.407457 0.912278 -0.041568
vn -0.060054 0.998135 0.010998
vn 0.031082 0.998615 0.042447
vn -0.049818 0.996803 -0.062473
vn -0.062406 0.997008 -0.045612
vn -0.101733 0.992137 -0.072897
vn -0.097743 0.993097 -0.064852
vn 0.013877 -0.107592 -0.994098
vn 0.013877 -0.107592 -0.994098
vn 0.013877 -0.107592 -0.994098
vn 0.013876 -0.107592 -0.994098
vn -0.145758 0.062073 0.987371
vn -0.145758 0.062073 0.987371
vn -0.305371 0.047826 0.951032
vn -0.338043 0.044651 0.940071
vn -0.709588 -0.434369 0.554805
vn -0.709588 -0.434369 0.554805
vn -0.709588 -0.434369 0.554805
vn -0.856396 0.014791 -0.516108
vn -0.856396 0.014791 -0.516108
vn -0.856396 0.014791 -0.516108
vn -0.245085 0.966232 0.079552
vn -0.245085 0.966232 0.079552
vn -0.245085 0.966232 0.079552
vn -0.286797 0.070953 0.955360
vn -0.286797 0.070953 0.955360
vn -0.286797 0.070953 0.955360
vn -0.038042 -0.999217 -0.010839
vn 0.269673 -0.079211 -0.959689
vn 0.264152 -0.080379 -0.961126
vn 0.260228 -0.081207 -0.962126
vn 0.269673 -0.079211 -0.959689
vn 0.022427 0.997497 -0.067064
vn 0.031445 0.997449 -0.064086
vn 0.023205 0.993581 -0.110720
vn 0.014622 0.993206 -0.115444
vn -0.026738 0.994212 -0.104060
vn -0.030257 0.994111 -0.104062
vn -0.052717 0.995290 -0.081353
vn -0.048189 0.994878 -0.088859
vn -0.045330 0.981419 -0.186446
vn -0.020700 0.983180 -0.181463
vn -0.025145 0.984871 -0.171455
vn -0.037927 0.984330 -0.172209
vn -0.309086 0.283628 0.907756
vn -0.324841 0.367614 0.871400
vn -0.205720 0.971352 0.118975
vn -0.078328 -0.991745 0.101520
vn 0.175958 -0.945925 0.272516
vn -0.050770 -0.975832 0.212541
vn -0.229854 -0.961230 0.152331
vn -0.188002 -0.969779 0.155513
vn -0.184385 -0.971358 0.149888
vn -0.255285 -0.953349 0.161109
vn -0.190594 -0.967465 0.166392
vn -0.180227 -0.978687 0.098437
vn -0.164591 -0.979971 0.112099
vn -0.189560 -0.981073 0.039532
vn -0.191029 -0.980561 0.044804
vn -0.434319 0.025336 0.900403
vn -0.434319 0.025336 0.900403
vn -0.434319 0.025336 0.900403
vn -0.510931 -0.851420 0.118462
vn -0.562554 -0.107594 -0.819730
vn -0.562554 -0.107594 -0.819730
vn -0.562554 -0.107594 -0.819730
vn -0.491135 0.862882 0.119254
vn -0.892756 -0.047105 0.448071
vn -0.892756 -0.047105 0.448071
vn -0.892756 -0.047105 0.448071
vn -0.573032 -0.782977 -0.242038
vn -0.365570 -0.097681 -0.925644
vn -0.611066 0.733975 -0.296445
vn -0.486055 0.029018 0.873446
vn -0.521087 -0.853498 -0.003188
vn -0.401029 -0.099732 -0.910620
vn -0.401029 -0.099732 -0.910620
vn -0.401029 -0.099732 -0.910620
vn -0.534020 0.844909 -0.030851
vn -0.546128 0.098117 -0.831936
vn -0.546128 0.098117 -0.831936
vn -0.546128 0.098117 -0.831936
vn -0.546128 0.098117 -0.831936
vn -0.966040 -0.002774 0.258377
vn -0.966040 -0.002774 0.258377
vn -0.966040 -0.002774 0.258377
vn -0.966040 -0.002774 0.258377
vn 0.168112 0.232223 -0.958024
vn 0.168112 0.232223 -0.958025
vn 0.168112 0.232223 -0.958025
vn 0.168112 0.232223 -0.958024
vn -0.308154 0.021902 0.951084
vn -0.308154 0.021902 0.951084
vn -0.308154 0.021902 0.951084
vn -0.308154 0.021902 0.951084
vn 0.994247 0.107109 -0.001180
vn 0.994247 0.107109 -0.001180
vn 0.994247 0.107109 -0.001180
vn 0.994247 0.107109 -0.001180
vn 0.745357 0.044780 0.665160
vn 0.745357 0.044780 0.665160
vn 0.745357 0.044780 0.665160
vn 0.745357 0.044780 0.665160
vn -0.515222 0.172600 -0.839497
vn -0.515222 0.172600 -0.839497
vn -0.515222 0.172600 -0.839498
vn -0.515222 0.172600 -0.839497
vn -0.896474 0.416844 0.150250
vn -0.896474 0.416844 0.150250
vn -0.896474 0.416844 0.150250
vn -0.896474 0.416844 0.150250
vn 0.218676 0.096575 -0.971007
vn 0.218676 0.096575 -0.971007
vn 0.218676 0.096575 -0.971007
vn 0.218676 0.096575 -0.971007
vn -0.338337 0.046893 0.939856
vn -0.338337 0.046893 0.939856
vn -0.338337 0.046893 0.939856
vn -0.338337 0.046893 0.939856
vn 0.960065 0.276946 0.039689
vn 0.976818 0.213570 -0.014674
vn 0.960065 0.276946 0.039689
vn 0.533982 0.431478 0.727111
vn 0.533982 0.431478 0.727111
vn 0.533982 0.431478 0.727111
vn 0.533982 0.431478 0.727111
vn 0.251695 0.075244 -0.964877
vn -0.091021 0.086758 -0.992063
vn -0.465822 0.087347 -0.880557
vn -0.869598 0.493750 0.003369
vn 0.991782 0.126388 0.019854
vn 0.983572 0.178726 -0.025344
vn -0.622685 0.495168 0.605865
vn -0.622685 0.495168 0.605865
vn -0.622685 0.495168 0.605865
vn -0.622685 0.495168 0.605865
vn -0.850495 0.316592 -0.420033
vn -0.850495 0.316592 -0.420033
vn -0.850495 0.316592 -0.420033
vn -0.850495 0.316592 -0.420033
vn -0.079579 0.487159 -0.869680
vn -0.079579 0.487159 -0.869680
vn -0.053083 0.990480 0.127012
vn -0.012950 0.966901 -0.254824
vn -0.129548 0.894783 0.427294
vn -0.011052 0.998156 -0.059687
vn -0.031169 0.992902 0.114781
vn -0.074759 0.917233 0.391272
vn -0.075145 0.333360 -0.939800
vn -0.104698 0.216976 -0.970546
vn -0.773648 0.041310 0.632268
vn -0.773648 0.041310 0.632268
vn -0.850266 0.393553 -0.349520
vn -0.850266 0.393553 -0.349520
vn -0.046538 -0.985736 -0.161739
vn -0.046538 -0.985736 -0.161739
vn -0.109627 -0.992793 -0.048421
vn -0.109627 -0.992793 -0.048420
vn 0.656581 0.162585 -0.736524
vn 0.656581 0.162585 -0.736524
vn 0.139621 0.969442 -0.201714
vn 0.139621 0.969442 -0.201714
vn -0.045608 0.987430 0.151334
vn -0.045608 0.987430 0.151334
vn -0.211858 -0.969815 0.120730
vn -0.211858 -0.969815 0.120730
vn 0.352786 0.425056 0.833589
vn -0.673427 -0.119946 -0.729459
vn -0.673427 -0.119946 -0.729459
vn -0.673426 -0.119947 -0.729459
vn -0.673426 -0.119947 -0.729459
vn -0.993934 -0.050449 -0.097722
vn -0.997656 -0.068162 0.006107
vn -0.997561 -0.069651 -0.004464
vn -0.997561 -0.069651 -0.004464
vn -0.997657 -0.068096 0.006570
vn -0.997661 -0.067862 0.008227
vn -0.997561 -0.069651 -0.004464
vn -0.994814 -0.074349 -0.069411
vn -0.665523 0.641937 0.380784
vn -0.665523 0.641937 0.380784
vn -0.665523 0.641937 0.380784
vn -0.608809 0.747075 0.266891
vn -0.608809 0.747075 0.266891
vn -0.895679 0.425277 0.129994
vn -0.716157 0.616511 0.327161
vn -0.952693 -0.171340 -0.251034
vn -0.950230 -0.101750 -0.294464
vn -0.968370 -0.019782 -0.248735
vn -0.945436 -0.218570 -0.241615
vn -0.945436 -0.218570 -0.241615
vn -0.945436 -0.218570 -0.241615
vn -0.945436 -0.218570 -0.241615
vn -0.706337 -0.654696 -0.269186
vn -0.697293 -0.650841 -0.300314
vn -0.696576 -0.650520 -0.302665
vn -0.706337 -0.654696 -0.269186
vn -0.640959 -0.710882 0.289513
vn -0.640959 -0.710882 0.289513
vn -0.640959 -0.710882 0.289513
vn -0.685645 -0.645390 -0.336694
vn -0.685645 -0.645390 -0.336694
vn -0.982919 0.056739 -0.175072
vn -0.997533 -0.065411 0.025491
vn -0.997533 -0.065411 0.025491
vn -0.997533 -0.065411 0.025491
vn -0.997533 -0.065411 0.025491
vn -0.459352 -0.470635 0.753325
vn -0.459352 -0.470635 0.753325
vn -0.459352 -0.470635 0.753325
vn -0.459352 -0.470635 0.753325
vn -0.599887 -0.592210 0.537980
vn -0.599887 -0.592210 0.537980
vn -0.599887 -0.592210 0.537980
vn -0.599887 -0.592210 0.537980
vn -0.362545 0.234301 0.902033
vn -0.362545 0.234301 0.902033
vn -0.362545 0.234301 0.902033
vn -0.362545 0.234301 0.902033
vn -0.329066 0.053685 0.942780
vn -0.329066 0.053685 0.942780
vn -0.329066 0.053685 0.942780
vn -0.329066 0.053685 0.942780
vn -0.341135 0.169599 0.924588
vn -0.341135 0.169599 0.924588
vn -0.341135 0.169599 0.924588
vn -0.341135 0.169599 0.924588
vn -0.504182 0.492054 0.709706
vn -0.504182 0.492054 0.709706
vn -0.504182 0.492054 0.709706
vn -0.504182 0.492054 0.709706
vn -0.378453 0.398984 0.835215
vn -0.378453 0.398984 0.835215
vn -0.378453 0.398984 0.835215
vn -0.378453 0.398984 0.835215
vn -0.509636 0.497988 0.701626
vn -0.509636 0.497988 0.701626
vn -0.509636 0.497988 0.701626
vn -0.509636 0.497988 0.701626
vn -0.395089 -0.357169 0.846365
vn -0.395090 -0.357169 0.846366
vn -0.395090 -0.357169 0.846366
vn -0.395089 -0.357169 0.846366
vn -0.106274 0.080773 0.991051
vn -0.106274 0.080773 0.991051
vn -0.106274 0.080773 0.991051
vn -0.106274 0.080773 0.991051
vn -0.082074 -0.314336 0.945757
vn -0.082074 -0.314336 0.945757
vn 0.031786 -0.894660 0.445615
vn 0.031786 -0.894660 0.445615
vn 0.031786 -0.894660 0.445615
vn 0.031786 -0.894660 0.445615
vn -0.200010 -0.915063 0.350222
vn -0.200010 -0.915063 0.350222
vn -0.200010 -0.915063 0.350222
vn -0.200010 -0.915063 0.350222
vn 0.787012 0.248786 0.564551
vn 0.787012 0.248786 0.564551
vn 0.787012 0.248786 0.564551
vn 0.787012 0.248786 0.564551
vn 0.821634 0.098307 0.561474
vn 0.821634 0.098307 0.561474
vn 0.821634 0.098307 0.561474
vn 0.821634 0.098307 0.561474
vn 0.777078 0.275955 0.565684
vn 0.777078 0.275955 0.565684
vn 0.777078 0.275955 0.565684
vn 0.777078 0.275955 0.565684
vn 0.089922 0.884627 0.457548
vn 0.089922 0.884627 0.457548
vn 0.089922 0.884627 0.457548
vn 0.089922 0.884627 0.457548
vn 0.165005 0.863122 0.477277
vn 0.165005 0.863122 0.477277
vn 0.165005 0.863122 0.477277
vn 0.165005 0.863122 0.477277
vn 0.465913 0.693538 0.549482
vn 0.465913 0.693538 0.549482
vn 0.465913 0.693538 0.549482
vn 0.465913 0.693538 0.549482
vn 0.774203 -0.238299 0.586365
vn 0.774203 -0.238298 0.586365
vn 0.774203 -0.238299 0.586365
vn 0.774203 -0.238299 0.586365
vn 0.793601 -0.191326 0.577574
vn 0.793601 -0.191326 0.577574
vn 0.793601 -0.191326 0.577574
vn 0.793601 -0.191326 0.577574
vn 0.066845 -0.889241 0.452530
vn 0.066845 -0.889241 0.452530
vn -0.352870 -0.297840 0.887003
vn -0.352870 -0.297840 0.887003
vn -0.352870 -0.297840 0.887003
vn -0.352870 -0.297840 0.887003
vn -0.616295 -0.123696 0.777740
vn -0.616295 -0.123696 0.777741
vn -0.616295 -0.123696 0.777740
vn -0.616295 -0.123696 0.777740
vn -0.831479 0.012106 0.555424
vn -0.831480 0.012106 0.555424
vn -0.831480 0.012106 0.555424
vn -0.831480 0.012106 0.555424
vn -0.857386 -0.052552 0.511984
vn -0.857386 -0.052552 0.511984
vn -0.857386 -0.052552 0.511984
vn -0.857386 -0.052552 0.511984
vn -0.714773 -0.047012 0.697775
vn -0.714773 -0.047012 0.697775
vn -0.714773 -0.047012 0.697775
vn -0.714772 -0.047012 0.697775
vn -0.482794 0.189225 0.855046
vn -0.482793 0.189225 0.855046
vn -0.482794 0.189225 0.855046
vn -0.482793 0.189225 0.855046
vn -0.263410 0.288056 0.920673
vn -0.263410 0.288056 0.920673
vn -0.263410 0.288056 0.920673
vn -0.263410 0.288056 0.920673
vn -0.758725 0.114637 0.641245
vn -0.758725 0.114637 0.641245
vn -0.758725 0.114637 0.641245
vn -0.758725 0.114637 0.641245
vn -0.889213 -0.165525 0.426501
vn -0.889213 -0.165525 0.426500
vn -0.889213 -0.165525 0.426500
vn -0.889213 -0.165525 0.426500
vn -0.189098 0.125896 0.973854
vn -0.189098 0.125896 0.973854
vn -0.189098 0.125896 0.973854
vn -0.189098 0.125896 0.973854
vn -0.032340 -0.392217 0.919304
vn -0.032340 -0.392217 0.919304
vn -0.000003 0.000004 1.000000
vn -0.000005 0.000006 1.000000
vn -0.000003 0.000005 1.000000
vn -0.000005 0.000009 1.000000
vn -0.000001 0.000009 1.000000
vn -0.000001 0.000009 1.000000
vn -0.000007 0.000008 1.000000
vn -0.000017 -0.000003 1.000000
vn -0.000017 -0.000003 1.000000
vn -0.000013 -0.000000 1.000000
vn -0.000013 -0.000000 1.000000
vn -0.696862 0.316288 0.643697
vn -0.696862 0.316288 0.643697
vn -0.696862 0.316288 0.643697
vn -0.696862 0.316288 0.643697
vn -0.840100 0.221627 0.495089
vn -0.840100 0.221627 0.495089
vn -0.840100 0.221627 0.495089
vn -0.840100 0.221627 0.495089
vn -0.997479 -0.070955 0.000001
vn -0.997479 -0.070955 0.000001
vn -0.997480 -0.070955 0.000001
vn -0.997479 -0.070955 0.000001
vn -0.678894 -0.372967 0.632454
vn -0.678894 -0.372967 0.632454
vn -0.678895 -0.372967 0.632454
vn -0.678894 -0.372967 0.632454
vn -0.979494 -0.048971 0.195433
vn -0.979494 -0.048971 0.195433
vn -0.979494 -0.048971 0.195433
vn -0.979494 -0.048971 0.195433
vn -0.996838 0.036189 0.070748
vn -0.996838 0.036189 0.070748
vn -0.996838 0.036189 0.070748
vn -0.996838 0.036189 0.070748
vn -0.996991 -0.075323 0.018310
vn -0.997004 -0.075015 0.018861
vn -0.997097 -0.072427 0.023479
vn -0.997097 -0.072427 0.023479
vn -0.997097 -0.072427 0.023479
vn -0.997097 -0.072427 0.023479
vn -0.996651 -0.081438 0.007379
vn -0.996651 -0.081438 0.007379
vn -0.535272 0.118986 0.836257
vn -0.535272 0.118986 0.836257
vn -0.535272 0.118986 0.836257
vn -0.535272 0.118986 0.836257
vn -0.561528 -0.001423 0.827457
vn -0.561528 -0.001423 0.827457
vn -0.561528 -0.001423 0.827457
vn -0.561528 -0.001423 0.827457
vn -0.726162 -0.641673 0.246867
vn -0.726162 -0.641673 0.246867
vn -0.726162 -0.641673 0.246867
vn -0.726162 -0.641674 0.246867
vn -0.739673 -0.621908 -0.257128
vn -0.739673 -0.621908 -0.257128
vn -0.739673 -0.621908 -0.257128
vn -0.739673 -0.621908 -0.257128
vn -0.595397 -0.079877 -0.799451
vn -0.595397 -0.079877 -0.799451
vn -0.595397 -0.079877 -0.799451
vn -0.595397 -0.079877 -0.799451
vn -0.587863 0.298399 -0.751914
vn -0.587863 0.298399 -0.751914
vn -0.587863 0.298399 -0.751914
vn -0.587863 0.298399 -0.751914
vn -0.711280 0.573596 0.406286
vn -0.711280 0.573596 0.406286
vn -0.711280 0.573596 0.406286
vn -0.711280 0.573596 0.406286
vn -0.535260 0.118957 0.836269
vn -0.535260 0.118957 0.836269
vn -0.535260 0.118957 0.836269
vn -0.535260 0.118957 0.836269
vn 0.072370 0.984980 0.156774
vn 0.067495 0.980356 0.185327
vn -0.449750 0.757424 -0.473321
vn -0.452833 0.744651 -0.490345
vn -0.486276 0.680390 -0.548275
vn -0.401254 0.710265 -0.578376
vn -0.935458 0.240180 -0.259293
vn -0.906703 -0.365494 0.210485
vn -0.059659 0.987170 -0.148107
vn 0.023410 0.991610 -0.127125
vn 0.023410 0.991610 -0.127125
vn -0.030953 0.989530 -0.140967
vn 0.037135 -0.995386 0.088475
vn 0.137197 -0.979157 0.149760
vn 0.110149 -0.984938 0.133285
vn 0.037135 -0.995386 0.088475
vn -0.375641 -0.338418 -0.862767
vn -0.375641 -0.338418 -0.862767
vn -0.375641 -0.338418 -0.862767
vn -0.375642 -0.338418 -0.862767
vn -0.088247 0.180296 0.979646
vn -0.087615 0.122369 0.988610
vn -0.087615 0.122369 0.988610
vn -0.088283 0.184603 0.978840
vn 0.113327 -0.105434 -0.987948
vn 0.122420 -0.070088 -0.990000
vn 0.122420 -0.070088 -0.990001
vn 0.112054 -0.110325 -0.987559
vn 0.039606 -0.996292 0.076379
vn 0.059069 -0.993331 0.099015
vn -0.007030 -0.093378 -0.995606
vn -0.007030 -0.093378 -0.995606
vn 0.001722 0.998323 -0.057857
vn -0.003473 0.997469 -0.071022
vn -0.024598 0.998612 -0.046565
vn -0.032246 0.998209 0.050389
vn -0.088624 0.280798 0.955667
vn -0.088624 0.280797 0.955667
vn 0.152447 -0.981173 0.118575
vn 0.202629 -0.975609 0.084433
vn 0.000049 0.077202 0.997016
vn 0.000049 0.077202 0.997016
vn 0.218184 -0.955472 0.198669
vn 0.218184 -0.955472 0.198669
vn 0.100895 -0.152613 -0.983122
vn 0.100895 -0.152613 -0.983122
vn -0.138805 0.976107 -0.167178
vn -0.138805 0.976107 -0.167179
vn -0.338916 -0.700708 -0.627809
vn -0.338916 -0.700708 -0.627809
vn -0.217529 -0.635128 -0.741143
vn -0.189307 0.051408 0.980571
vn -0.216930 -0.423903 0.879345
vn -0.188697 0.369793 0.909751
vn 0.016229 -0.132100 -0.991103
vn 0.022968 -0.109902 -0.993677
vn -0.226336 -0.017654 -0.973889
vn -0.226336 -0.017654 -0.973889
vn -0.253594 0.522686 0.813935
vn -0.253594 0.522686 0.813935
vn -0.272051 -0.273424 -0.922620
vn -0.272051 -0.273425 -0.922620
vn -0.272051 -0.273425 -0.922620
vn -0.272051 -0.273425 -0.922620
vn 0.005316 -0.187315 -0.982286
vn -0.259304 -0.281438 0.923880
vn 0.020220 -0.214105 -0.976601
vn -0.148398 0.556027 0.817809
vn -0.148398 0.556027 0.817809
vn -0.439640 0.897836 0.024649
vn -0.439019 0.898048 0.027780
vn -0.401035 0.896527 0.188176
vn -0.401035 0.896527 0.188176
vn -0.462944 0.878670 -0.116712
vn -0.462944 0.878670 -0.116712
vn -0.371050 0.535602 -0.758586
vn -0.371049 0.535602 -0.758586
vn -0.371050 0.535602 -0.758586
vn -0.371049 0.535602 -0.758586
vn -0.295802 0.066679 -0.952919
vn -0.295700 0.071672 -0.952588
vn -0.271264 0.403425 -0.873879
vn -0.271264 0.403425 -0.873879
vn -0.227818 -0.639723 -0.734066
vn -0.227818 -0.639723 -0.734066
vn -0.156454 -0.089482 -0.983624
vn -0.085295 0.237385 -0.967664
vn -0.294078 -0.126615 -0.947358
vn -0.294078 -0.126615 -0.947358
vn -0.294078 -0.126613 -0.947358
vn -0.294078 -0.126613 -0.947358
vn -0.305084 0.669641 0.677130
vn -0.305084 0.669641 0.677130
vn -0.305084 0.669641 0.677130
vn -0.305084 0.669641 0.677130
vn -0.041634 -0.813077 0.580665
vn -0.041634 -0.813077 0.580665
vn 0.240409 0.107608 0.964689
vn 0.240409 0.107608 0.964689
vn 0.227201 0.844811 0.484431
vn 0.227201 0.844811 0.484431
vn 0.146080 0.254025 0.956103
vn 0.146080 0.254025 0.956103
vn -0.184841 0.471103 0.862494
vn -0.184841 0.471103 0.862494
vn 0.067801 -0.555473 0.828766
vn 0.067801 -0.555473 0.828766
s off
g modelPanel4ViewSelectedSet pCylinder2
usemtl lambert4SG
f 10/1/1 11/2/2 5/3/3 7/4/4
s 1
f 8/5/5 9/6/6 4/7/7 3/8/8
s 2
f 2/9/9 4/7/10 358/10/11 357/11/12
s 3
f 9/6/13 359/12/14 358/10/15 4/7/16
s off
f 2/9/17 3/8/18 4/7/19
f 5/3/20 6/13/21 7/4/22
f 11/2/23 10/1/24 14/14/25 13/15/26
s 4
f 16/1215/27 18/1214/28 5/3/29 11/2/30
s off
f 15/1224/31 16/1215/32 11/2/33 13/15/34
s 5
f 15/1224/35 17/19/36 520/20/37 497/21/38
s 4
f 5/3/29 18/1214/28 499/1211/39 498/1275/40
s 6
f 22/24/41 501/25/42 500/26/43 19/27/44
s 7
f 24/1221/45 22/24/46 347/29/47
s 8
f 23/30/48 24/28/49 347/1217/50 348/31/51
s 5
f 12/32/52 17/19/36 15/1224/35 13/15/53
s 6
f 15/18/54 497/1223/55 501/25/42 22/24/41
s 8
f 18/17/56 16/1220/57 24/28/49 23/30/48
s 7
f 16/16/58 15/18/59 22/24/46 24/1221/45
s 9
f 37/1081/60 332/1068/61 333/35/62 33/36/63
s 10
f 42/37/64 43/38/65 36/1080/66 32/40/67
s 11
f 333/35/68 334/1066/69 41/1082/70 33/36/71
s 12
f 29/43/72 331/44/73 335/1065/74
s 13
f 64/46/75 65/1074/76 66/48/77 67/49/78
s 11
f 41/1082/70 42/37/79 32/40/80 33/36/71
s 9
f 36/1080/81 37/1081/60 33/36/63 32/40/82
s 12
f 31/50/83 44/51/84 45/1064/85 34/53/86
s 10
f 31/50/87 36/39/66 43/1078/65 44/51/88
s 9
f 34/53/89 37/33/60 36/39/81 31/50/90
f 331/44/91 332/34/61 37/33/60 34/53/89
s 13
f 68/54/92 65/47/76 64/1073/75 69/55/93
s 11
f 55/56/94 56/57/95 52/58/96 63/59/97
f 56/57/95 57/60/98 51/61/99 52/58/96
s 10
f 57/60/100 58/62/101 50/1079/102 51/61/103
f 49/64/104 50/63/102 58/1076/101 59/65/105
s 12
f 48/66/106 49/64/107 59/65/108 60/67/109
f 62/68/110 48/66/106 60/67/109 53/69/111
s 17
f 53/69/112 54/70/113 61/1062/114 62/68/115
s 12
f 45/52/85 44/51/84 49/64/107 48/66/106
s 10
f 44/51/88 43/1078/65 50/63/102 49/64/104
f 51/61/103 50/1079/102 43/38/65 42/37/64
s 11
f 52/58/96 51/61/99 42/37/79 41/42/70
s 17
f 63/59/116 61/71/114 54/1077/113 55/56/117
f 27/72/118 39/73/119 54/70/113 53/69/112
f 55/56/117 54/1077/113 39/1072/119 28/74/120
s 11
f 28/74/121 56/57/95 55/56/94
f 26/75/122 57/60/98 56/57/95 28/74/121
s 10
f 35/76/123 58/62/101 57/60/100 26/75/124
f 59/65/105 58/1076/101 35/1075/123 25/77/125
s 12
f 60/67/109 59/65/108 25/77/126 27/72/127
f 53/69/111 60/67/109 27/72/127
s 17
f 337/78/128 338/79/129 46/1070/130 47/81/131
s 11
f 40/82/132 339/83/133 340/84/134
s 17
f 40/82/135 46/80/130 338/1063/129 339/83/136
s 19
f 35/76/137 26/75/138 66/48/139 65/1074/140
s 11
f 26/75/122 28/74/121 67/49/141 66/48/142
s 20
f 28/74/143 39/1072/144 64/46/145 67/49/146
s 19
f 25/77/147 35/1075/137 65/47/140 68/54/148
s 20
f 39/73/144 27/72/149 69/55/150 64/1073/145
s off
f 27/72/151 25/77/152 68/54/153 69/55/154
s 21
f 100/1291/155 74/1148/156 71/87/157 101/88/158
s 22
f 77/1289/159 116/90/160 78/91/161
s 23
f 116/90/162 502/92/163 521/93/164 78/91/165
s off
f 76/94/166 77/89/167 80/1292/168 79/1131/169
f 77/1289/170 78/91/171 81/1132/172 80/1133/173
s 24
f 78/91/174 521/93/175 522/98/176 81/1132/177
s 25
f 72/1146/178 524/100/179 523/101/180 83/1199/181
s off
f 71/87/182 74/1148/183 82/1198/184 84/1197/185
s 26
f 81/97/186 522/1129/187 525/105/188 86/106/189
s 27
f 108/107/190 109/108/191 88/1111/192 87/1110/193
s 28
f 109/108/194 110/111/195 89/1109/196 88/1111/197
s 29
f 112/113/198 108/107/199 87/1110/200 90/1108/201
s 30
f 110/111/202 111/115/203 92/116/204 89/1109/205
s off
f 87/110/206 88/1119/207 94/1118/208 93/118/209
f 88/109/210 89/112/211 95/119/212 94/117/213
f 90/114/214 87/110/215 93/118/216 96/120/217
f 89/112/218 92/1106/219 97/121/220 95/119/221
f 90/114/222 96/120/223 98/122/224 91/1107/225
f 91/1107/226 98/122/227 97/121/228 92/1106/229
s 21
f 100/1147/155 106/1290/230 107/125/231 99/126/232
f 105/127/233 106/124/230 100/1291/155 101/88/158
f 70/128/234 75/129/235 106/124/230 105/127/233
f 107/125/231 106/1290/230 75/1288/235 73/130/236
s 27
f 79/96/237 80/95/238 109/108/191 108/107/190
s 28
f 80/95/239 81/97/240 110/111/195 109/108/194
s 30
f 81/97/241 86/106/242 111/115/203 110/111/202
s 29
f 85/131/243 79/96/244 108/107/199 112/113/198
s off
f 72/99/245 103/132/246 113/133/247 99/1145/248
f 83/1143/249 114/1170/250 103/132/251 72/99/252
f 82/1144/253 104/135/254 114/134/255 83/1172/256
f 74/86/257 102/136/258 104/135/259 82/1144/260
f 100/85/261 115/137/262 102/136/263 74/86/264
f 99/1145/265 113/133/266 115/137/267 100/85/268
f 73/130/269 75/1288/270 77/89/271 76/94/272
s 22
f 75/129/273 70/128/274 116/90/160 77/1289/159
s 23
f 70/128/275 526/138/276 502/92/163 116/90/162
s 31
f 76/94/277 528/139/278 527/140/279 73/130/280
s 32
f 117/1218/281 118/142/282 343/143/283 341/1207/284
f 341/1219/284 342/1206/285 119/146/286 117/141/281
s 33
f 439/147/287 440/148/288 150/149/289 151/150/290
s 34
f 442/151/291 443/152/292 153/153/293 154/154/294
s 35
f 443/152/295 444/155/296 152/1163/297 153/153/298
s 36
f 444/1166/299 439/147/300 151/150/301 152/156/302
s 37
f 440/148/303 441/157/304 155/158/305 150/149/306
s 38
f 441/157/307 442/151/308 154/154/309 155/158/310
s 39
f 143/159/311 138/160/312 126/161/313 127/162/314
s 40
f 140/163/315 141/164/316 129/165/317 128/166/318
s 41
f 129/165/319 141/164/320 142/167/321 130/1167/322
s 42
f 142/1171/323 143/159/324 130/168/325
s 43
f 138/160/326 139/169/327 131/170/328 126/161/329
s 44
f 139/169/330 140/163/331 128/166/332
s 45
f 161/171/333 156/172/334 132/1374/335 133/174/336
s 46
f 158/1362/337 159/176/338 135/177/339 134/178/340
s 47
f 159/176/341 160/179/342 136/180/343 135/177/344
s 48
f 160/179/345 161/171/346 133/174/347 136/180/348
s 49
f 156/1365/349 157/181/350 137/182/351 132/173/352
s 50
f 157/181/353 158/175/354 134/1360/355 137/182/356
s 43
f 120/183/357 125/184/358 139/169/327 138/160/326
s 44
f 139/169/330 122/185/359 140/163/331
s 40
f 122/185/360 123/186/361 141/164/316 140/163/315
s 41
f 123/186/362 124/187/363 142/167/321 141/164/320
s 42
f 124/1169/364 143/159/324 142/1171/323
s 39
f 121/188/365 120/183/366 138/160/312 143/159/311
s 37
f 102/136/367 115/137/368 145/189/369 144/190/370
s 38
f 115/137/371 113/133/372 146/191/373 145/189/374
s 34
f 113/133/375 103/132/376 147/192/377 146/191/378
s 35
f 103/132/379 114/1170/380 148/1165/381 147/192/382
s 36
f 114/134/383 104/135/384 149/194/385 148/193/386
s 33
f 104/135/387 102/136/388 144/190/389 149/194/390
f 445/195/391 446/196/392 120/183/393 121/188/394
s 36
f 450/1164/395 445/195/396 121/188/397 124/1169/398
s 35
f 449/198/399 450/197/400 124/187/401 123/186/402
s 34
f 448/199/403 449/198/404 123/186/405 122/185/406
s 38
f 447/200/407 448/199/408 122/185/409 125/184/410
s 37
f 446/196/411 447/200/412 125/184/413 120/183/414
s 49
f 162/201/415 163/202/416 324/1160/417 319/1155/418
s 50
f 163/202/419 164/205/420 323/1159/421 324/1160/422
s 46
f 164/205/423 165/207/424 322/1158/425 323/1159/426
s 47
f 165/207/427 166/209/428 321/1168/429 322/1158/430
s 48
f 166/1161/431 167/211/432 320/1156/433 321/1157/434
s 45
f 167/211/435 162/201/436 319/1155/437 320/1156/438
s 49
f 126/161/439 131/170/440 456/213/441 451/214/442
s 50
f 131/170/443 128/166/444 455/215/445 456/213/446
s 46
f 128/166/447 129/165/448 454/216/449 455/215/450
s 47
f 129/165/451 130/1167/452 453/1162/453 454/216/454
s 48
f 130/168/455 127/162/456 452/218/457 453/217/458
s 45
f 127/162/459 126/161/460 451/214/461 452/218/462
s off
f 90/1108/463 91/123/464 168/219/465 112/113/466
f 91/123/467 92/116/468 111/115/469 168/219/470
s 57
f 111/115/471 86/106/472 169/220/473 168/219/474
f 168/219/474 169/220/473 504/221/475 529/222/476 112/113/477
s 58
f 86/106/478 525/105/479 530/223/480 169/220/481
f 169/220/481 530/223/480 504/221/482
s 59
f 93/118/483 94/1118/484 171/1116/485 170/225/486
s 60
f 94/117/487 95/119/488 172/226/489 171/224/490
s 61
f 96/120/491 93/118/492 170/225/493 173/227/494
s 62
f 95/119/495 97/121/496 174/228/497 172/226/498
s 63
f 98/122/499 96/120/500 173/227/501 175/229/502
f 97/121/503 98/122/504 175/229/502 174/228/505
s 59
f 176/230/506 177/231/507 183/1112/508 182/233/509
s 60
f 177/1115/510 178/234/511 184/235/512 183/232/513
s 61
f 179/236/514 176/230/515 182/233/516 185/237/517
s 62
f 178/234/518 180/238/519 186/239/520 184/235/521
s 63
f 181/240/522 179/236/523 185/237/524 187/241/525
f 180/238/526 181/240/522 187/241/527 186/239/528
s 61
f 188/242/529 189/243/530 195/244/531 194/245/532
s 59
f 189/243/533 188/242/534 190/246/535
s 60
f 191/247/536 190/1117/537 192/248/538 193/249/539
s 62
f 193/249/540 192/248/541 196/250/542 197/251/543
s 63
f 198/252/544 195/244/545 199/253/546
f 197/251/547 196/250/548 198/252/544 199/253/546
s 59
f 170/225/486 171/1116/485 190/246/535
s 60
f 171/224/490 172/226/489 192/248/538 190/1117/537
s 61
f 173/227/494 170/225/493 188/242/529 194/245/532
s 62
f 172/226/498 174/228/497 196/250/542 192/248/541
s 63
f 198/252/544 173/227/501 194/245/549
f 174/228/505 175/229/502 198/252/544 196/250/548
s 59
f 189/243/533 191/1114/550 177/231/507 176/230/506
s 60
f 191/247/536 193/249/539 178/234/511 177/1115/510
s 61
f 195/244/531 189/243/530 176/230/515 179/236/514
s 62
f 193/249/540 197/251/543 180/238/519 178/234/518
s 63
f 199/253/546 195/244/545 179/236/523 181/240/522
f 197/251/547 199/253/546 181/240/522 180/238/526
s 44
f 139/169/330 128/166/332 131/170/551
f 125/184/552 122/185/359 139/169/330
s 42
f 124/1169/364 121/188/553 143/159/324
f 130/168/325 143/159/324 127/162/554
s 59
f 170/225/486 190/246/535 188/242/534
f 189/243/533 190/246/535 191/1114/550
s 63
f 175/229/502 173/227/501 198/252/544
f 194/245/549 195/244/545 198/252/544
s 73
f 220/254/555 221/255/556 222/256/557 223/257/558
s 74
f 203/1388/559 204/259/560 202/260/561 200/261/562
s 73
f 221/255/556 292/262/563 287/263/564 222/256/557
s 74
f 287/1375/565 288/264/566 204/259/560 203/1388/559
s 75
f 219/265/567 496/266/568 485/267/569 224/268/570
s 76
f 486/1347/571 487/270/572 208/271/573 207/272/574
s 77
f 227/273/575 488/274/576 489/275/577 216/276/578
s 78
f 209/277/579 492/278/580 493/279/581 206/1350/582
s 79
f 218/1369/583 230/282/584 231/283/585 225/1368/586
s 80
f 232/1387/587 233/286/588 212/287/589 211/288/590
s 81
f 236/289/591 229/1386/592 210/291/593 213/292/594
s 73
f 222/256/557 287/263/564 203/258/595
f 223/257/558 222/256/557 203/258/595 200/1366/596
s 75
f 224/268/570 485/267/569 486/269/597 207/1354/598
s 82
f 212/287/599 233/286/600 234/293/601 226/294/602
s 77
f 487/270/603 488/274/576 227/273/575 208/271/604
s 79
f 231/283/585 230/282/584 480/295/605 473/296/606
f 232/285/607 231/283/585 473/296/606 474/297/608
s 80
f 474/1355/609 475/298/610 233/286/588 232/1387/587
s 82
f 475/298/611 476/299/612 234/293/601 233/286/600
f 235/300/613 234/293/601 476/299/612 477/301/614
s 81
f 481/302/615 482/303/616 229/1386/592 236/289/591
s 83
f 277/304/617 278/305/618 284/306/619 285/307/620
s 84
f 278/305/621 271/308/622 283/309/623 284/306/624
s 85
f 272/310/625 273/311/626 281/1377/627 282/313/628
s 86
f 271/308/629 272/310/630 282/313/631 283/309/632
s 87
f 273/1379/633 274/314/634 280/315/635 281/312/636
s 88
f 243/316/637 244/317/638 252/318/639 251/319/640
s off
f 244/317/641 242/320/642 250/321/643 252/318/644
f 245/322/645 246/323/646 254/324/647 253/325/648
f 242/320/649 245/322/650 253/325/651 250/321/652
s 89
f 247/326/653 248/1391/654 256/1385/655 255/1382/656
s 88
f 459/330/657 460/331/658 243/316/659 251/319/640
s off
f 246/1376/660 249/332/661 257/1383/662 254/1384/663
s 91
f 249/332/664 247/326/665 255/1382/666 257/1383/667
s 88
f 251/319/640 252/318/639 258/334/668
s 92
f 252/318/669 250/321/670 258/334/671
s 93
f 253/325/672 254/324/673 258/334/674
s 92
f 250/321/670 253/325/675 258/334/671
s 94
f 255/329/676 256/328/677 258/334/678
s 88
f 256/328/679 459/330/657 251/319/640 258/334/668
s 93
f 254/324/673 257/333/680 258/334/674
s 94
f 257/333/681 255/329/676 258/334/678
s 95
f 205/335/682 470/336/683 471/337/684 291/338/685
f 201/339/686 469/340/687 470/336/683 205/335/682
s 77
f 467/341/688 491/342/689 492/278/690 209/277/691
s off
f 263/343/692 262/344/693 236/289/694 213/292/695
f 229/290/696 265/345/697 264/1380/698 210/1381/699
s 97
f 288/264/700 289/347/701 269/348/702 204/259/703
s 98
f 289/347/704 290/349/705 214/350/706 269/348/707
f 269/348/707 214/350/706 215/351/708 228/352/709
s 97
f 204/259/703 269/348/702 228/352/710 202/260/711
s 91
f 279/353/712 280/315/713 274/314/714 275/354/715
s 89
f 286/1389/716 279/353/717 275/354/718 276/1378/719
s 99
f 285/307/720 461/357/721 462/358/722 277/304/723
s 86
f 293/359/724 294/360/725 272/310/630 271/308/629
s 85
f 294/360/726 295/361/727 273/311/626 272/310/625
s 87
f 295/1373/728 296/362/729 274/314/634 273/1379/633
s 91
f 275/354/715 274/314/714 296/362/730 297/363/731
s 89
f 276/1378/719 275/354/718 297/363/732 298/1372/733
s 99
f 277/304/723 462/358/722 463/365/734 299/366/735
s 83
f 299/366/736 300/367/737 278/305/618 277/304/617
s 84
f 300/367/738 293/359/739 271/308/622 278/305/621
s 91
f 247/326/665 249/332/664 280/315/713 279/353/712
s 87
f 281/312/636 280/315/635 249/332/740 246/1376/741
s 85
f 282/313/628 281/1377/627 246/323/742 245/322/743
s 86
f 283/309/632 282/313/631 245/322/744 242/320/745
s 84
f 284/306/624 283/309/623 242/320/746 244/317/747
s 83
f 285/307/620 284/306/619 244/317/748 243/316/749
s 99
f 460/331/750 461/357/721 285/307/720 243/316/751
s 89
f 248/1391/654 247/326/653 279/353/717 286/1389/716
s 74
f 351/1361/752 352/369/753 288/264/566 287/1375/565
s 97
f 352/369/754 353/370/755 289/347/701 288/264/700
s 98
f 353/370/756 354/371/757 290/349/705 289/347/704
s 95
f 356/372/758 472/373/759 133/174/760
s 100
f 132/173/761 349/374/762 355/375/763
s 73
f 287/263/564 292/262/563 350/376/764 351/368/765
s 75
f 493/1345/766 494/377/767 466/1348/768 206/280/769
s 78
f 355/1359/770 356/372/771 133/174/772 132/1374/773
f 201/339/774 205/335/775 237/379/776 238/380/777
f 205/335/775 291/338/778 239/381/779 237/379/776
s 86
f 237/379/780 239/381/781 294/360/725 293/359/724
s 85
f 239/381/782 240/382/783 295/361/727 294/360/726
s 87
f 240/1358/784 241/383/785 296/362/729 295/1373/728
s 91
f 297/363/731 296/362/730 241/383/786 268/384/787
s 89
f 298/1372/733 297/363/732 268/384/788 267/385/789
s 99
f 299/366/735 463/365/734 464/386/790 270/1393/791
s 83
f 238/380/792 300/367/737 299/366/736 270/1393/793
s 84
f 238/380/794 237/379/795 293/359/739 300/367/738
s 95
f 259/388/796 214/350/797 290/349/798 457/389/799
s 105
f 292/262/800 241/383/801 349/374/802 350/376/803
f 221/255/804 268/384/805 241/383/801 292/262/800
s off
f 221/255/806 220/254/807 267/385/808 268/384/809
s 75
f 266/390/810 495/391/811 496/266/568 219/265/567
s 79
f 301/1371/812 479/1353/813 480/295/605 230/282/584
f 302/1370/814 301/1371/812 230/282/584 218/1369/583
s 82
f 217/395/815 235/300/613 304/396/816 303/397/817
f 477/301/614 478/398/818 304/396/816 235/300/613
s 77
f 216/276/578 489/275/577 490/399/819 261/400/820
s 95
f 259/388/796 260/401/821 215/351/822 214/350/797
s off
f 262/344/823 263/343/824 264/346/825 265/1356/826
s 106
f 301/392/827 302/394/828 303/397/829 304/396/830
s off
f 210/291/831 264/346/832 305/402/833
f 264/346/834 263/343/835 305/402/836
f 263/343/837 213/292/838 305/402/839
f 213/292/840 210/291/841 305/402/842
s 79
f 211/1367/843 225/1368/586 231/283/585 232/285/607
s 82
f 217/395/815 226/294/602 234/293/601 235/300/613
s 76
f 200/261/844 202/260/845 307/403/846 306/404/847
s 77
f 202/260/848 228/352/849 308/405/850 307/403/851
f 309/406/852 308/405/850 228/352/849 215/351/853
f 310/407/854 309/406/852 215/351/853 260/401/855
f 311/408/856 468/409/857 469/340/858 201/339/859
s 78
f 311/408/860 201/339/774 312/1344/861
f 201/339/774 238/380/777 312/1344/861
f 312/1344/861 238/380/777 270/1393/862
s 75
f 270/387/863 464/1392/864 465/411/865 312/410/866
f 314/412/867 313/413/868 267/385/869 220/254/870
f 315/414/871 314/412/867 220/254/870 223/257/872
f 306/1346/873 315/414/871 223/257/872 200/1366/874
s off
f 217/395/875 218/281/876 316/415/877
s 79
f 218/281/583 225/284/586 316/415/878
s off
f 225/284/879 226/294/880 316/415/881
s 82
f 226/294/602 217/395/815 316/415/882
s off
f 226/294/883 225/284/884 317/416/885
s 79
f 225/284/586 211/288/843 317/416/886
s 80
f 211/288/590 212/287/589 317/416/887
s 82
f 212/287/599 226/294/602 317/416/888
s 106
f 303/397/829 302/394/828 318/417/889
s 79
f 302/394/814 218/281/583 318/417/890
s off
f 218/281/891 217/395/892 318/417/893
s 82
f 217/395/815 303/397/817 318/417/894
s 45
f 320/212/438 319/1364/437 156/172/334 161/171/333
s 48
f 321/210/434 320/212/433 161/171/346 160/179/345
s 47
f 322/208/430 321/210/429 160/179/342 159/176/341
s 46
f 323/206/426 322/208/425 159/176/338 158/1362/337
s 50
f 324/203/422 323/1363/421 158/175/354 157/181/353
s 49
f 319/204/418 324/203/417 157/181/350 156/1365/349
s off
f 182/233/895 183/1112/896 326/1113/897 325/1060/898
f 183/232/899 184/235/900 327/1059/901 326/1061/902
f 185/237/903 182/233/904 325/1060/905 328/1058/906
f 184/235/907 186/239/908 329/1057/909 327/1059/910
f 187/241/911 185/237/912 328/1058/913 330/1056/914
f 186/239/915 187/241/916 330/1056/917 329/1057/918
f 325/419/919 326/418/920 30/424/921 38/425/922
f 326/418/923 327/420/924 40/82/925 30/424/926
f 328/421/927 325/1071/928 38/1067/929 29/43/930
f 327/420/931 329/1069/932 46/80/933 40/82/934
s 12
f 330/423/935 328/421/936 29/43/72 47/81/937
s off
f 329/422/938 330/423/939 47/81/940 46/1070/941
s 9
f 29/43/942 38/1067/943 332/34/61 331/44/91
f 333/35/62 332/1068/61 38/425/943 30/424/944
s 11
f 334/41/69 30/424/945 40/82/132 340/84/134
s 12
f 34/53/86 45/1064/85 335/1065/74 331/44/73
f 336/426/946 335/45/74 45/52/85 48/66/106
f 62/68/110 336/426/946 48/66/106
s 17
f 62/68/115 61/1062/114 338/79/129 337/78/128
f 339/83/136 338/1063/129 61/71/114 63/59/116
s 11
f 63/59/97 52/58/96 340/84/134
f 334/41/69 340/84/134 52/58/96 41/42/70
s 12
f 47/81/937 336/426/946 337/78/947
s 11
f 63/59/97 340/84/134 339/83/133
s 12
f 337/78/947 336/426/946 62/68/110
f 29/43/72 335/45/74 336/426/946 47/81/937
s 11
f 30/424/945 334/1066/69 333/35/68
s 32
f 342/1206/285 506/1202/948 505/428/949 119/146/286
s off
f 118/142/950 117/1218/951 20/1216/952 19/27/953
f 117/141/954 119/146/955 21/430/956 20/429/957
s 109
f 119/146/958 505/428/959 507/431/960 21/430/961
s 32
f 344/1208/962 345/433/963 342/145/285 341/1210/284
f 345/433/963 508/434/964 506/427/948 342/145/285
f 341/144/284 343/1205/283 346/435/965 344/432/962
f 83/102/966 345/433/963 344/1208/962 82/103/967
f 84/104/968 346/435/965 532/436/969 531/437/970
f 344/432/962 346/435/965 84/104/968 82/1209/967
s 110
f 348/31/971 509/438/972 533/439/973 23/30/974
s 7
f 347/29/47 22/24/46 19/27/975 20/1216/976
s 8
f 348/31/51 347/1217/50 20/429/977 21/430/978
s 105
f 350/376/803 349/374/802 132/173/979 137/182/980
s 73
f 351/368/765 350/376/764 137/182/981 134/1360/982
s 74
f 134/178/983 135/177/984 352/369/753 351/1361/752
s 97
f 135/177/985 136/180/986 353/370/755 352/369/754
s 98
f 136/180/987 133/174/988 354/371/757 353/370/756
s 100
f 355/375/763 349/374/762 241/383/989 240/1358/990
s 78
f 240/382/991 356/372/771 355/1359/770
s 95
f 291/338/685 471/337/684 472/373/759 356/372/758
s 78
f 240/382/991 239/381/779 291/338/778 356/372/771
s 2
f 372/440/992 7/4/993 6/13/994 373/441/995
s 3
f 371/442/996 10/1/997 7/4/998 372/440/999 424/443/1000 429/444/1001 430/445/1002 423/446/1003
s off
f 1/447/1004 360/448/1005 361/1248/1006
s 1
f 1/447/1007 361/1248/1008 9/6/6 8/5/5
s 3
f 9/6/13 361/1248/1009 367/1240/1010
f 363/1246/1011 10/1/997 369/1247/1012
f 371/442/996 368/1242/1013 10/1/997
f 10/1/997 368/1242/1013 369/1247/1012
s off
f 10/1/1014 363/1246/1015 364/1243/1016 14/14/1017
s 113
f 365/1245/1018 12/32/1019 13/15/1020 370/1244/1021
s off
f 366/1238/1022 12/32/1023 365/1245/1024
s 113
f 13/15/1020 14/14/1025 364/1243/1026 370/1244/1021
s 3
f 371/442/996 359/12/14 362/1241/1027 368/1242/1013
f 359/12/14 371/442/996 423/446/1003 425/459/1028 426/460/1029 427/461/1030 428/462/1031 424/443/1000 372/440/999 358/10/15
s 2
f 358/10/11 372/440/992 373/441/995 357/11/12
s 3
f 359/12/14 9/6/13 367/1240/1010 362/1241/1027
s off
f 361/449/1032 360/1239/1033 374/463/1034 375/464/1035
f 367/450/1036 361/449/1037 375/464/1038 376/465/1039
f 363/451/1040 369/452/1041 377/466/1042 378/467/1043
f 369/452/1044 368/453/1045 379/468/1046 377/466/1047
f 364/454/1048 363/451/1049 378/467/1050 380/469/1051
f 365/455/1052 370/456/1053 381/470/1054 382/471/1055
f 366/457/1056 365/455/1057 382/471/1058 383/472/1059
f 370/456/1060 364/454/1061 380/469/1062 381/470/1063
f 368/453/1064 362/458/1065 384/473/1066 379/468/1067
f 362/458/1068 367/450/1069 376/465/1070 384/473/1071
s 114
f 360/1239/1072 546/1227/1073 547/1283/1074 374/463/1075
s off
f 375/464/1076 374/463/1077 385/1263/1078 386/1272/1079
f 376/465/1080 375/464/1081 386/1272/1082 387/1264/1083
f 378/467/1084 377/466/1085 388/1271/1086 389/1270/1087
f 377/466/1088 379/468/1089 390/1266/1090 388/1271/1091
f 380/469/1092 378/467/1093 389/1270/1094 391/1267/1095
f 382/471/1096 381/470/1097 392/1268/1098 393/1269/1099
f 383/472/1100 382/471/1101 393/1269/1102 394/1262/1103
f 381/470/1104 380/469/1105 391/1267/1106 392/1268/1107
f 379/468/1108 384/473/1109 395/1265/1110 390/1266/1111
f 384/473/1112 376/465/1113 387/1264/1114 395/1265/1115
s 115
f 374/463/1116 547/1283/1117 548/1284/1118 385/1263/1119
s off
f 386/477/1120 385/476/1121 396/488/1122 397/489/1123
f 387/478/1124 386/477/1125 397/489/1126 398/490/1127
f 389/480/1128 388/479/1129 399/491/1130 400/492/1131
f 388/479/1132 390/481/1133 401/493/1134 399/491/1135
f 391/482/1136 389/480/1137 400/492/1138 402/494/1139
f 393/484/1140 392/483/1141 403/495/1142 404/496/1143
f 394/485/1144 393/484/1145 404/496/1146 405/497/1147
f 392/483/1148 391/482/1149 402/494/1150 403/495/1151
f 390/481/1152 395/1287/1153 406/498/1154 401/493/1155
f 395/486/1156 387/478/1157 398/490/1158 406/498/1159
s 116
f 385/476/1160 548/1252/1161 549/499/1162 396/488/1163
s 117
f 396/488/1164 519/500/1165 518/501/1166 405/497/1167 397/489/1168
f 398/490/1169 404/496/1170 403/495/1171 406/498/1172
f 397/489/1168 405/497/1167 404/496/1170 398/490/1169
f 406/498/1172 403/495/1171 402/494/1173 401/493/1174
f 401/493/1174 402/494/1173 400/492/1175 399/491/1176
s off
g pCylinder2
usemtl pCylinder2SG
f 408/502/1177 407/503/1178 409/504/1179 410/505/1180
f 410/505/1181 409/504/1182 411/506/1183 412/507/1184
f 412/507/1185 411/506/1186 413/508/1187 414/509/1188
f 416/510/1189 418/511/1190 417/512/1191 415/513/1192
f 418/511/1193 420/514/1194 419/515/1195 417/512/1196
f 420/514/1197 422/516/1198 421/517/1199 419/515/1200
s 118
g modelPanel4ViewSelectedSet pCylinder2
usemtl lambert4SG
f 432/518/1201 431/519/1202 433/520/1203 434/521/1204 435/522/1205 436/523/1206
f 436/523/1206 437/524/1207 438/525/1208 432/518/1201
s off
f 424/443/1209 428/462/1210 431/519/1211 432/518/1212
f 428/462/1213 427/461/1214 433/520/1215 431/519/1216
f 427/461/1217 426/460/1218 434/521/1219 433/520/1220
f 426/460/1221 425/459/1222 435/522/1223 434/521/1224
f 425/459/1225 423/446/1226 436/523/1227 435/522/1228
f 423/446/1229 430/445/1230 437/524/1231 436/523/1232
f 430/445/1233 429/444/1234 438/525/1235 437/524/1236
f 429/444/1237 424/443/1238 432/518/1239 438/525/1240
s 33
f 149/194/390 144/190/389 440/148/288 439/147/287
s 37
f 144/190/370 145/189/369 441/157/304 440/148/303
s 38
f 145/189/374 146/191/373 442/151/308 441/157/307
s 34
f 146/191/378 147/192/377 443/152/292 442/151/291
s 35
f 147/192/382 148/1165/381 444/155/296 443/152/295
s 36
f 148/193/386 149/194/385 439/147/300 444/1166/299
s 33
f 151/150/290 150/149/289 446/196/392 445/195/391
s 37
f 150/149/306 155/158/305 447/200/412 446/196/411
s 38
f 155/158/310 154/154/309 448/199/408 447/200/407
s 34
f 154/154/294 153/153/293 449/198/404 448/199/403
s 35
f 153/153/298 152/1163/297 450/197/400 449/198/399
s 36
f 152/156/302 151/150/301 445/195/396 450/1164/395
s 45
f 452/218/462 451/214/461 162/201/436 167/211/435
s 48
f 453/217/458 452/218/457 167/211/432 166/1161/431
s 47
f 454/216/454 453/1162/453 166/209/428 165/207/427
s 46
f 455/215/450 454/216/449 165/207/424 164/205/423
s 50
f 456/213/446 455/215/445 164/205/420 163/202/419
s 49
f 451/214/442 456/213/441 163/202/416 162/201/415
s 95
f 458/526/1241 457/389/799 290/349/798 354/371/1242
f 133/174/760 458/526/1241 354/371/1242
s 88
f 248/327/1243 460/331/658 459/330/657 256/328/679
s 99
f 248/327/1244 286/1390/1245 461/357/721 460/331/750
f 462/358/722 461/357/721 286/355/1245 276/356/1246
f 463/365/734 462/358/722 276/356/1246 298/364/1247
f 464/386/790 463/365/734 298/364/1247 267/1357/1248
s 75
f 465/411/865 464/1392/864 267/385/869 313/413/868
f 466/1348/768 494/377/767 495/391/811 266/390/810
s 77
f 261/400/820 490/399/819 491/342/689 467/341/688
f 469/340/858 468/409/857 310/407/854 260/401/855
s 95
f 470/336/683 469/340/687 260/401/821 259/388/796
f 471/337/684 470/336/683 259/388/796 457/389/799
f 472/373/759 471/337/684 457/389/799 458/526/1241
f 133/174/760 472/373/759 458/526/1241
s 119
f 484/527/1249 481/302/1250 236/289/1251 262/344/1252
s 120
f 265/345/1253 229/290/1254 482/1351/1255 483/528/1256
s off
f 466/378/1257 266/1352/1258 261/400/1259 467/341/1260
s 121
f 478/398/1261 479/393/1262 301/392/1263 304/396/1264
s 122
f 483/1349/1265 484/527/1266 262/344/1267 265/1356/1268
s 79
f 474/297/608 473/296/606 224/268/1269 207/1354/1270
s 80
f 207/272/1271 208/271/1272 475/298/610 474/1355/609
s 82
f 208/271/1273 227/273/1274 476/299/612 475/298/611
f 477/301/614 476/299/612 227/273/1274 216/276/1275
f 261/400/1276 478/398/818 477/301/614 216/276/1275
s 121
f 266/1352/1277 479/393/1262 478/398/1261 261/400/1278
s 79
f 480/295/605 479/1353/813 266/390/1279 219/265/1280
f 473/296/606 480/295/605 219/265/1280 224/268/1269
s 81
f 209/277/1281 206/1350/1282 482/303/616 481/302/615
s 120
f 483/528/1256 482/1351/1255 206/280/1283 466/1348/1284
s 122
f 467/341/1285 484/527/1266 483/1349/1265 466/378/1286
s 119
f 467/341/1287 209/277/1288 481/302/1250 484/527/1249
s 75
f 486/269/597 485/267/569 315/414/871 306/1346/873
s 76
f 306/404/847 307/403/846 487/270/572 486/1347/571
s 77
f 307/403/851 308/405/850 488/274/576 487/270/603
f 489/275/577 488/274/576 308/405/850 309/406/852
f 490/399/819 489/275/577 309/406/852 310/407/854
f 491/342/689 490/399/819 310/407/854 468/409/857
f 492/278/690 491/342/689 468/409/857 311/408/856
s 78
f 493/279/581 492/278/580 311/408/860 312/1344/861
s 75
f 312/410/866 465/411/865 494/377/767 493/1345/766
f 495/391/811 494/377/767 465/411/865 313/413/868
f 496/266/568 495/391/811 313/413/868 314/412/867
f 485/267/569 496/266/568 314/412/867 315/414/871
s 123
f 529/222/1289 503/529/1290 85/131/1291 112/113/1292
s 32
f 534/530/1293 535/531/1294 343/143/283 118/142/282
s 124
f 510/532/1295 536/533/1296 105/127/1297 101/88/1298
f 537/534/1299 510/532/1295 101/88/1298 71/87/1300
s 125
f 538/535/1301 524/100/1302 72/1146/1303 99/126/1304
s 126
f 539/1190/1305 528/139/1306 76/94/1307 79/1131/1308
s 127
f 531/1193/1309 537/534/1310 71/87/1311 84/1197/1312
s off
f 540/537/1313 539/536/1314 79/96/1315 85/131/1316
s 125
f 511/538/1317 538/535/1301 99/126/1304 107/125/1318
s 124
f 536/533/1296 526/138/1319 70/128/1320 105/127/1297
s 125
f 527/140/1321 511/538/1317 107/125/1318 73/130/1322
s 123
f 503/529/1290 540/537/1323 85/131/1291
s 128
f 500/26/1324 534/530/1325 118/142/1326 19/27/1327
s 32
f 535/1201/1294 532/436/969 346/435/965 343/1205/283
f 523/1196/1328 508/434/964 345/433/963 83/102/966
s 129
f 541/1278/1329 512/1273/1330 1/447/1331 8/5/1332
f 542/1277/1333 541/1278/1329 8/5/1332 3/8/1334
s off
f 513/1276/1335 542/1277/1336 3/8/1337 2/9/1338
s 130
f 543/1281/1339 513/1276/1340 2/9/1341 357/11/1342
s 131
f 498/1275/1343 544/1282/1344 6/13/1345 5/3/1346
s 5
f 545/545/1347 520/20/37 17/19/36 12/32/52
s 110
f 533/439/973 499/22/1348 18/17/1349 23/30/974
f 507/431/1350 509/438/972 348/31/971 21/430/1351
s 130
f 544/1282/1352 514/1280/1353 373/441/1354 6/13/1355
s off
f 512/1273/1356 546/1274/1357 360/448/1358 1/447/1359
s 132
f 515/1225/1360 545/545/1361 12/32/1362 366/1238/1363
s 130
f 514/1280/1353 543/1281/1339 357/11/1342 373/441/1354
s 133
f 516/548/1364 515/547/1365 366/457/1366 383/472/1367
s 134
f 517/1249/1368 516/548/1369 383/472/1370 394/1262/1371
s 135
f 518/501/1372 517/549/1373 394/485/1374 405/497/1375
s 117
f 549/499/1376 519/500/1165 396/488/1164
s 136
g pCylinder2
usemtl pCylinder2SG
f 551/550/1377 550/551/1378 407/503/1379 408/502/1380
s 137
f 552/552/1381 553/553/1382 416/510/1383 415/513/1384
s off
g modelPanel4ViewSelectedSet pCylinder2
usemtl lambert4SG
f 563/554/1385 560/555/1386 558/556/1387 564/557/1388
s 138
f 561/558/1389 556/559/1390 557/560/1391 562/561/1392
s 139
f 555/562/1393 910/563/1394 911/564/1395 557/560/1396
s 140
f 562/561/1397 557/560/1398 911/564/1399 912/565/1400
s off
f 555/562/1401 557/560/1402 556/559/1403
f 558/556/1404 560/555/1405 559/566/1406
f 564/557/1407 566/567/1408 567/568/1409 563/554/1410
s 4
f 569/1213/1411 564/557/1412 558/556/1413 571/1212/1414
s off
f 568/1222/1415 566/567/1416 564/557/1417 569/1213/1418
s 5
f 568/1222/1419 497/21/38 520/20/37 570/572/1420
s 4
f 558/556/1413 498/23/40 499/1279/39 571/1212/1414
s 6
f 575/573/1421 572/574/1422 500/26/43 501/25/42
s 141
f 577/575/1423 900/576/1424 575/573/1425
s 142
f 576/577/1426 901/578/1427 900/576/1428 577/575/1429
s 5
f 565/579/1430 566/567/1431 568/1222/1419 570/572/1420
s 6
f 568/571/1432 575/573/1421 501/25/42 497/1223/1433
s 142
f 571/570/1434 576/577/1426 577/575/1429 569/569/1435
s 141
f 569/569/1436 577/575/1423 575/573/1425 568/571/1437
s 143
f 590/1098/1438 586/581/1439 886/582/1440 885/583/1441
s 144
f 595/584/1442 585/585/1443 589/1099/1444 596/1097/1445
s 145
f 886/582/1446 586/581/1447 594/588/1448 887/589/1449
s 146
f 582/590/1450 888/591/1451 884/592/1452
s 147
f 617/1090/1453 620/594/1454 619/595/1455 618/596/1456
s 145
f 594/588/1448 586/581/1447 585/585/1457 595/584/1458
s 143
f 589/1099/1459 585/585/1460 586/581/1439 590/1098/1438
s 146
f 584/597/1461 587/598/1462 598/599/1463 597/600/1464
s 144
f 584/597/1465 597/600/1466 596/587/1445 589/586/1444
s 143
f 587/598/1467 584/597/1468 589/586/1459 590/580/1438
f 884/592/1469 587/598/1467 590/580/1438 885/1085/1441
s 147
f 621/601/1470 622/602/1471 617/593/1453 618/1093/1456
s 145
f 608/603/1472 616/604/1473 605/605/1474 609/606/1475
f 609/606/1475 605/605/1474 604/607/1476 610/608/1477
s 144
f 610/608/1478 604/607/1479 603/609/1480 611/1094/1481
f 602/611/1482 612/612/1483 611/610/1481 603/1096/1480
s 146
f 601/613/1484 613/614/1485 612/612/1486 602/611/1487
f 615/615/1488 606/616/1489 613/614/1485 601/613/1484
s 150
f 606/616/1490 615/615/1491 614/617/1492 607/1095/1493
s 146
f 598/599/1463 601/613/1484 602/611/1487 597/600/1464
s 144
f 597/600/1466 602/611/1482 603/1096/1480 596/587/1445
f 604/607/1479 595/584/1442 596/1097/1445 603/609/1480
s 145
f 605/605/1474 594/588/1448 595/584/1458 604/607/1476
s 150
f 616/604/1494 608/603/1495 607/618/1493 614/1084/1492
f 580/619/1496 606/616/1490 607/1095/1493 592/1091/1497
f 608/603/1495 581/621/1498 592/620/1497 607/618/1493
s 145
f 581/621/1499 608/603/1472 609/606/1475
f 579/622/1500 581/621/1499 609/606/1475 610/608/1477
s 144
f 588/1092/1501 579/622/1502 610/608/1478 611/1094/1481
f 612/612/1483 578/624/1503 588/623/1501 611/610/1481
s 146
f 613/614/1485 580/619/1504 578/624/1505 612/612/1486
f 606/616/1489 580/619/1504 613/614/1485
s 150
f 890/625/1506 600/626/1507 599/627/1508 891/1083/1509
s 145
f 593/629/1510 893/630/1511 892/631/1512
s 150
f 593/629/1513 892/631/1514 891/628/1509 599/1087/1508
s 153
f 588/1092/1515 618/596/1516 619/595/1517 579/622/1518
s 145
f 579/622/1500 619/595/1519 620/594/1520 581/621/1499
s 154
f 581/621/1521 620/594/1522 617/1090/1523 592/620/1524
s 153
f 578/624/1525 621/601/1526 618/1093/1516 588/623/1515
s 154
f 592/1091/1524 617/593/1523 622/602/1527 580/619/1528
s off
f 580/619/1529 622/602/1530 621/601/1531 578/624/1532
s 155
f 653/1141/1533 654/633/1534 624/634/1535 627/1142/1536
s 156
f 630/636/1537 631/637/1538 669/638/1539
s 23
f 669/638/1540 631/637/1541 521/93/164 502/92/163
s off
f 629/639/1542 632/640/1543 633/1130/1544 630/1185/1545
f 630/636/1546 633/1189/1547 634/1128/1548 631/637/1549
s 24
f 631/637/1550 634/1128/1551 522/98/176 521/93/175
s 25
f 625/1139/1552 636/1195/1553 523/101/180 524/100/179
s off
f 624/634/1554 637/1192/1555 635/1194/1556 627/1142/1557
s 26
f 634/642/1558 639/647/1559 525/105/188 522/1129/187
s 157
f 661/648/1560 640/1104/1561 641/1105/1562 662/1134/1563
s 158
f 662/651/1564 641/1136/1565 642/1103/1566 663/653/1567
s 159
f 665/654/1568 643/655/1569 640/1104/1570 661/648/1571
s 160
f 663/653/1572 642/1103/1573 645/1101/1574 664/657/1575
s off
f 640/649/1576 646/658/1577 647/659/1578 641/650/1579
f 641/1127/1580 647/1126/1581 648/660/1582 642/652/1583
f 643/1102/1584 649/661/1585 646/658/1586 640/649/1587
f 642/652/1588 648/660/1589 650/662/1590 645/656/1591
f 643/1102/1592 644/1100/1593 651/664/1594 649/661/1595
f 644/1100/1596 645/656/1597 650/662/1598 651/664/1599
s 155
f 653/1188/1533 652/665/1600 660/666/1601 659/667/1602
f 658/668/1603 654/633/1534 653/1141/1533 659/1187/1602
f 623/669/1604 658/668/1603 659/1187/1602 628/1186/1605
f 660/666/1601 626/671/1606 628/670/1605 659/667/1602
s 157
f 632/1191/1607 661/648/1560 662/1134/1563 633/641/1608
s 158
f 633/1135/1609 662/651/1564 663/653/1567 634/642/1610
s 160
f 634/642/1611 663/653/1572 664/657/1575 639/647/1612
s 159
f 638/672/1613 665/654/1568 661/648/1571 632/1191/1614
s off
f 625/643/1615 652/1140/1616 666/673/1617 656/674/1618
f 636/1184/1619 625/643/1620 656/674/1621 667/675/1622
f 635/1137/1623 636/1138/1624 667/1182/1625 657/676/1626
f 627/635/1627 635/1137/1628 657/676/1629 655/677/1630
f 653/632/1631 627/635/1632 655/677/1633 668/678/1634
f 652/1140/1635 653/632/1636 668/678/1637 666/673/1638
f 626/671/1639 629/639/1640 630/1185/1641 628/670/1642
s 156
f 628/1186/1643 630/636/1537 669/638/1539 623/669/1644
s 23
f 623/669/1645 669/638/1540 502/92/163 526/138/276
s 31
f 629/639/1646 626/671/1647 527/140/279 528/139/278
s 32
f 670/679/1648 894/1204/1649 896/1200/1650 671/682/1651
f 894/1204/1649 670/679/1648 672/683/1652 895/1203/1653
s 163
f 992/685/1654 704/686/1655 703/687/1656 993/688/1657
s 164
f 995/689/1658 707/690/1659 706/691/1660 996/692/1661
s 165
f 996/692/1662 706/691/1663 705/693/1664 997/1177/1665
s 166
f 997/694/1666 705/1176/1667 704/686/1668 992/685/1669
s 167
f 993/688/1670 703/687/1671 708/695/1672 994/696/1673
s 168
f 994/696/1674 708/695/1675 707/690/1676 995/689/1677
s 169
f 696/697/1678 680/698/1679 679/699/1680 691/700/1681
s 170
f 693/701/1682 681/702/1683 682/703/1684 694/704/1685
s 171
f 682/703/1686 683/1179/1687 695/1183/1688 694/704/1689
s 172
f 695/706/1690 683/705/1691 696/697/1692
s 173
f 691/700/1693 679/699/1694 684/707/1695 692/708/1696
s 174
f 692/708/1697 681/702/1698 693/701/1699
s 175
f 714/709/1700 686/710/1701 685/1343/1702 709/1341/1703
s 176
f 711/713/1704 687/1311/1705 688/715/1706 712/716/1707
s 177
f 712/716/1708 688/715/1709 689/717/1710 713/718/1711
s 178
f 713/718/1712 689/717/1713 686/710/1714 714/709/1715
s 179
f 709/712/1716 685/711/1717 690/719/1718 710/1313/1719
s 180
f 710/720/1720 690/719/1721 687/714/1722 711/1315/1723
s 173
f 673/721/1724 691/700/1693 692/708/1696 678/722/1725
s 174
f 692/708/1697 693/701/1699 675/723/1726
s 170
f 675/723/1727 693/701/1682 694/704/1685 676/724/1728
s 171
f 676/724/1729 694/704/1689 695/1183/1688 677/1181/1730
s 172
f 677/725/1731 695/706/1690 696/697/1692
s 169
f 674/726/1732 696/697/1678 691/700/1681 673/721/1733
s 167
f 655/677/1734 697/727/1735 698/728/1736 668/678/1737
s 168
f 668/678/1738 698/728/1739 699/729/1740 666/673/1741
s 164
f 666/673/1742 699/729/1743 700/730/1744 656/674/1745
s 165
f 656/674/1746 700/730/1747 701/731/1748 667/675/1749
s 166
f 667/1182/1750 701/1178/1751 702/732/1752 657/676/1753
s 163
f 657/676/1754 702/732/1755 697/727/1756 655/677/1757
f 998/733/1758 674/726/1759 673/721/1760 999/734/1761
s 166
f 1003/735/1762 677/725/1763 674/726/1764 998/733/1765
s 165
f 1002/736/1766 676/724/1767 677/1181/1768 1003/1175/1769
s 164
f 1001/737/1770 675/723/1771 676/724/1772 1002/736/1773
s 168
f 1000/738/1774 678/722/1775 675/723/1776 1001/737/1777
s 167
f 999/734/1778 673/721/1779 678/722/1780 1000/738/1781
s 179
f 715/739/1782 872/1150/1783 877/1154/1784 716/742/1785
s 180
f 716/742/1786 877/1154/1787 876/1153/1788 717/744/1789
s 176
f 717/744/1790 876/1153/1791 875/1152/1792 718/746/1793
s 177
f 718/746/1794 875/1152/1795 874/1151/1796 719/1174/1797
s 178
f 719/748/1798 874/1180/1799 873/1149/1800 720/750/1801
s 175
f 720/750/1802 873/1149/1803 872/1150/1804 715/739/1805
s 179
f 679/699/1806 1004/751/1807 1009/752/1808 684/707/1809
s 180
f 684/707/1810 1009/752/1811 1008/753/1812 681/702/1813
s 176
f 681/702/1814 1008/753/1815 1007/754/1816 682/703/1817
s 177
f 682/703/1818 1007/754/1819 1006/755/1820 683/1179/1821
s 178
f 683/705/1822 1006/1173/1823 1005/756/1824 680/698/1825
s 175
f 680/698/1826 1005/756/1827 1004/751/1828 679/699/1829
s off
f 643/655/1830 665/654/1831 721/757/1832 644/663/1833
f 644/663/1834 721/757/1835 664/657/1836 645/1101/1837
s 181
f 664/657/1838 721/757/1839 722/758/1840 639/647/1841
f 721/757/1839 665/654/1842 529/222/1843 504/221/1844 722/758/1840
s 58
f 639/647/1845 722/758/1846 530/223/480 525/105/479
f 722/758/1846 504/221/482 530/223/480
s 182
f 646/658/1847 723/759/1848 724/760/1849 647/659/1850
s 183
f 647/1126/1851 724/1125/1852 725/761/1853 648/660/1854
s 184
f 649/661/1855 726/762/1856 723/759/1857 646/658/1858
s 185
f 648/660/1859 725/761/1860 727/763/1861 650/662/1862
s 186
f 651/664/1863 728/764/1864 726/762/1865 649/661/1866
f 650/662/1867 727/763/1868 728/764/1864 651/664/1869
s 182
f 729/765/1870 735/766/1871 736/767/1872 730/1122/1873
s 183
f 730/768/1874 736/1121/1875 737/769/1876 731/770/1877
s 184
f 732/771/1878 738/772/1879 735/766/1880 729/765/1881
s 185
f 731/770/1882 737/769/1883 739/773/1884 733/774/1885
s 186
f 734/775/1886 740/776/1887 738/772/1888 732/771/1889
f 733/774/1890 739/773/1891 740/776/1892 734/775/1886
s 184
f 741/777/1893 747/778/1894 748/779/1895 742/780/1896
s 182
f 742/780/1897 743/1124/1898 741/777/1899
s 183
f 744/1123/1900 746/783/1901 745/784/1902 743/781/1903
s 185
f 746/783/1904 750/785/1905 749/786/1906 745/784/1907
s 186
f 751/787/1908 752/788/1909 748/779/1910
f 750/785/1911 752/788/1909 751/787/1908 749/786/1912
s 182
f 723/759/1848 743/1124/1898 724/760/1849
s 183
f 724/1125/1852 743/781/1903 745/784/1902 725/761/1853
s 184
f 726/762/1856 747/778/1894 741/777/1893 723/759/1857
s 185
f 725/761/1860 745/784/1907 749/786/1906 727/763/1861
s 186
f 751/787/1908 747/778/1913 726/762/1865
f 727/763/1868 749/786/1912 751/787/1908 728/764/1864
s 182
f 742/780/1897 729/765/1870 730/1122/1873 744/782/1914
s 183
f 744/1123/1900 730/768/1874 731/770/1877 746/783/1901
s 184
f 748/779/1895 732/771/1878 729/765/1881 742/780/1896
s 185
f 746/783/1904 731/770/1882 733/774/1885 750/785/1905
s 186
f 752/788/1909 734/775/1886 732/771/1889 748/779/1910
f 750/785/1911 733/774/1890 734/775/1886 752/788/1909
s 174
f 692/708/1697 684/707/1915 681/702/1698
f 678/722/1916 692/708/1697 675/723/1726
s 172
f 677/725/1731 696/697/1692 674/726/1917
f 683/705/1691 680/698/1918 696/697/1692
s 182
f 723/759/1848 741/777/1899 743/1124/1898
f 742/780/1897 744/782/1914 743/1124/1898
s 186
f 728/764/1864 751/787/1908 726/762/1865
f 747/778/1913 751/787/1908 748/779/1910
s 196
f 773/789/1919 776/790/1920 775/791/1921 774/792/1922
s 197
f 756/1340/1923 753/1317/1924 755/795/1925 757/796/1926
s 196
f 774/792/1922 775/791/1921 840/1325/1927 845/798/1928
s 197
f 840/797/1929 756/1340/1923 757/796/1926 841/799/1930
s 198
f 772/800/1931 777/801/1932 1038/802/1933 1049/803/1934
s 199
f 1039/804/1935 760/1304/1936 761/806/1937 1040/807/1938
s 200
f 780/808/1939 769/809/1940 1042/810/1941 1041/811/1942
s 201
f 762/812/1943 759/813/1944 1046/1293/1945 1045/815/1946
s 202
f 771/1322/1947 778/1318/1948 784/818/1949 783/819/1950
s 203
f 785/1339/1951 764/821/1952 765/822/1953 786/823/1954
s 204
f 789/824/1955 766/825/1956 763/826/1957 782/1338/1958
s 196
f 775/791/1921 756/793/1959 840/1325/1927
f 776/790/1920 753/794/1960 756/793/1959 775/791/1921
s 198
f 777/801/1932 760/805/1961 1039/1295/1962 1038/802/1933
s 205
f 765/822/1963 779/828/1964 787/829/1965 786/823/1966
s 200
f 1040/807/1967 761/806/1968 780/808/1939 1041/811/1942
s 202
f 784/818/1949 1026/830/1969 1033/831/1970 783/819/1950
f 785/820/1971 1027/1303/1972 1026/830/1969 784/818/1949
s 203
f 1027/832/1973 785/1339/1951 786/823/1954 1028/833/1974
s 205
f 1028/833/1975 786/823/1966 787/829/1965 1029/834/1976
f 788/835/1977 1030/836/1978 1029/834/1976 787/829/1965
s 204
f 1034/837/1979 789/824/1955 782/1338/1958 1035/1299/1980
s 206
f 830/839/1981 838/840/1982 837/841/1983 831/842/1984
s 207
f 831/842/1985 837/841/1986 836/843/1987 824/844/1988
s 208
f 825/845/1989 835/846/1990 834/847/1991 826/1331/1992
s 209
f 824/844/1993 836/843/1994 835/846/1995 825/845/1996
s 210
f 826/848/1997 834/1328/1998 833/849/1999 827/850/2000
s 211
f 796/851/2001 804/852/2002 805/853/2003 797/854/2004
s off
f 797/854/2005 805/853/2006 803/855/2007 795/856/2008
f 798/857/2009 806/858/2010 807/859/2011 799/1329/2012
f 795/856/2013 803/855/2014 806/858/2015 798/857/2016
s 212
f 800/861/2017 808/1335/2018 809/1337/2019 801/1326/2020
s 211
f 1012/865/2021 804/852/2002 796/851/2022 1013/866/2023
s off
f 799/860/2024 807/1336/2025 810/1334/2026 802/868/2027
s 214
f 802/868/2028 810/1334/2029 808/1335/2030 800/861/2031
s 211
f 804/852/2002 811/869/2032 805/853/2003
s 215
f 805/853/2033 811/869/2034 803/855/2035
s 216
f 806/858/2036 811/869/2037 807/859/2038
s 215
f 803/855/2035 811/869/2034 806/858/2039
s 217
f 808/862/2040 811/869/2041 809/863/2042
s 211
f 809/863/2043 811/869/2032 804/852/2002 1012/865/2021
s 216
f 807/859/2038 811/869/2037 810/867/2044
s 217
f 810/867/2045 811/869/2041 808/862/2040
s 218
f 758/870/2046 844/871/2047 1024/872/2048 1023/873/2049
f 754/874/2050 758/870/2046 1023/873/2049 1022/875/2051
s 200
f 1020/876/2052 762/812/2053 1045/815/2054 1044/877/2055
s off
f 816/878/2056 766/825/2057 789/824/2058 815/879/2059
f 782/827/2060 763/1333/2061 817/1332/2062 818/1305/2063
s 220
f 841/799/2064 757/796/2065 822/882/2066 842/883/2067
s 221
f 842/883/2068 822/882/2069 767/884/2070 843/885/2071
f 822/882/2069 781/886/2072 768/887/2073 767/884/2070
s 220
f 757/796/2065 755/795/2074 781/886/2075 822/882/2066
s 214
f 832/888/2076 828/889/2077 827/850/2078 833/849/2079
s 212
f 839/1327/2080 829/1330/2081 828/889/2082 832/888/2083
s 224
f 838/840/2084 830/839/2085 1015/892/2086 1014/893/2087
s 209
f 846/894/2088 824/844/1993 825/845/1996 847/895/2089
s 208
f 847/895/2090 825/845/1989 826/1331/1992 848/1324/2091
s 210
f 848/896/2092 826/848/1997 827/850/2000 849/897/2093
s 214
f 828/889/2077 850/898/2094 849/897/2095 827/850/2078
s 212
f 829/1330/2081 851/1323/2096 850/898/2097 828/889/2082
s 224
f 830/839/2085 852/900/2098 1016/901/2099 1015/892/2086
s 206
f 852/900/2100 830/839/1981 831/842/1984 853/902/2101
s 207
f 853/902/2102 831/842/1985 824/844/1988 846/894/2103
s 214
f 800/861/2031 832/888/2076 833/849/2079 802/868/2028
s 210
f 834/1328/1998 799/860/2104 802/868/2105 833/849/1999
s 208
f 835/846/1990 798/857/2106 799/1329/2107 834/847/1991
s 209
f 836/843/1994 795/856/2108 798/857/2109 835/846/1995
s 207
f 837/841/1986 797/854/2110 795/856/2111 836/843/1987
s 206
f 838/840/1982 796/851/2112 797/854/2113 837/841/1983
s 224
f 1013/866/2114 796/851/2115 838/840/2084 1014/893/2087
s 212
f 801/1326/2020 839/1327/2080 832/888/2083 800/861/2017
s 197
f 904/903/2116 840/797/1929 841/799/1930 905/904/2117
s 220
f 905/904/2118 841/799/2064 842/883/2067 906/905/2119
s 221
f 906/905/2120 842/883/2068 843/885/2071 907/906/2121
s 218
f 909/907/2122 686/710/2123 1025/908/2124
s 226
f 685/711/2125 908/1308/2126 902/910/2127
s 196
f 840/1325/1927 904/1310/2128 903/911/2129 845/798/1928
s 198
f 1046/814/2130 759/1300/2131 1019/912/2132 1047/913/2133
s 201
f 908/909/2134 685/1343/2135 686/710/2136 909/907/2137
f 754/874/2138 791/914/2139 790/915/2140 758/870/2141
f 758/870/2141 790/915/2140 792/916/2142 844/871/2143
s 209
f 790/915/2144 846/894/2088 847/895/2089 792/916/2145
s 208
f 792/916/2146 847/895/2090 848/1324/2091 793/917/2147
s 210
f 793/1309/2148 848/896/2092 849/897/2093 794/918/2149
s 214
f 850/898/2094 821/919/2150 794/918/2151 849/897/2095
s 212
f 851/1323/2096 820/1307/2152 821/919/2153 850/898/2097
s 224
f 852/900/2098 823/921/2154 1017/1306/2155 1016/901/2099
s 206
f 791/914/2156 823/921/2157 852/900/2100 853/902/2101
s 207
f 791/914/2158 853/902/2102 846/894/2103 790/915/2159
s 218
f 812/923/2160 1010/924/2161 843/885/2162 767/884/2163
s 230
f 845/798/2164 903/911/2165 902/910/2166 794/918/2167
f 774/792/2168 845/798/2164 794/918/2167 821/919/2169
s off
f 774/792/2170 821/919/2171 820/1307/2172 773/789/2173
s 198
f 819/1302/2174 772/800/1931 1049/803/1934 1048/926/2175
s 202
f 854/1320/2176 783/819/1950 1033/831/1970 1032/928/2177
f 855/1321/2178 771/1322/1947 783/819/1950 854/1320/2176
s 205
f 770/930/2179 856/931/2180 857/932/2181 788/835/1977
f 1030/836/1978 788/835/1977 857/932/2181 1031/933/2182
s 200
f 769/809/1940 814/934/2183 1043/935/2184 1042/810/1941
s 218
f 812/923/2160 767/884/2163 768/887/2185 813/936/2186
s off
f 815/879/2187 818/881/2188 817/880/2189 816/878/2190
s 232
f 854/927/2191 857/932/2192 856/931/2193 855/929/2194
s off
f 763/826/2195 858/937/2196 817/880/2197
f 817/880/2198 858/937/2199 816/878/2200
f 816/878/2201 858/937/2202 766/825/2203
f 766/825/2204 858/937/2205 763/826/2206
s 202
f 764/1319/2207 785/820/1971 784/818/1949 778/1318/1948
s 205
f 770/930/2179 788/835/1977 787/829/1965 779/828/1964
s 199
f 753/1317/2208 859/1296/2209 860/939/2210 755/795/2211
s 200
f 755/795/2212 860/939/2213 861/940/2214 781/886/2215
f 862/941/2216 768/887/2217 781/886/2215 861/940/2214
f 863/942/2218 813/936/2219 768/887/2217 862/941/2216
f 864/943/2220 754/874/2221 1022/875/2222 1021/944/2223
s 201
f 864/943/2224 865/945/2225 754/874/2138
f 754/874/2138 865/945/2225 791/914/2139
f 865/945/2225 823/921/2226 791/914/2139
s 198
f 823/1316/2227 865/1294/2228 1018/946/2229 1017/922/2230
f 867/947/2231 773/789/2232 820/1307/2233 866/948/2234
f 868/949/2235 776/790/2236 773/789/2232 867/947/2231
f 859/938/2237 753/794/2238 776/790/2236 868/949/2235
s off
f 770/930/2239 869/950/2240 771/816/2241
s 202
f 771/816/1947 869/950/2242 778/817/1948
s off
f 778/817/2243 869/950/2244 779/828/2245
s 205
f 779/828/1964 869/950/2246 770/930/2179
s off
f 779/828/2247 870/951/2248 778/817/2249
s 202
f 778/817/1948 870/951/2250 764/821/2207
s 203
f 764/821/1952 870/951/2251 765/822/1953
s 205
f 765/822/1963 870/951/2252 779/828/1964
s 232
f 856/931/2193 871/952/2253 855/929/2194
s 202
f 855/929/2178 871/952/2254 771/816/1947
s off
f 771/816/2255 871/952/2256 770/930/2257
s 205
f 770/930/2179 871/952/2258 856/931/2180
s 175
f 873/749/1803 714/709/1700 709/1341/1703 872/740/1804
s 178
f 874/747/1799 713/718/1712 714/709/1715 873/749/1800
s 177
f 875/745/1795 712/716/1708 713/718/1711 874/747/1796
s 176
f 876/1314/1791 711/713/1704 712/716/1707 875/745/1792
s 180
f 877/1312/1787 710/720/1720 711/1315/1723 876/743/1788
s 179
f 872/1342/1783 709/712/1716 710/1313/1719 877/741/1784
s off
f 735/766/2259 878/1054/2260 879/1055/2261 736/767/2262
f 736/1121/2263 879/1120/2264 880/1053/2265 737/769/2266
f 738/772/2267 881/1052/2268 878/1054/2269 735/766/2270
f 737/769/2271 880/1053/2272 882/1050/2273 739/773/2274
f 740/776/2275 883/1051/2276 881/1052/2277 738/772/2278
f 739/773/2279 882/1050/2280 883/1051/2281 740/776/2282
f 878/1089/2283 591/1086/2284 583/960/2285 879/954/2286
f 879/954/2287 583/960/2288 593/629/2289 880/955/2290
f 881/956/2291 582/590/2292 591/959/2293 878/953/2294
f 880/955/2295 593/629/2296 599/1087/2297 882/957/2298
s 146
f 883/958/2299 600/626/2300 582/590/1450 881/956/2301
s off
f 882/1088/2302 599/627/2303 600/626/2304 883/958/2305
s 143
f 582/590/2306 884/592/1469 885/1085/1441 591/959/2307
f 886/582/1440 583/960/2308 591/1086/2307 885/583/1441
s 145
f 887/589/1449 893/630/1511 593/629/1510 583/960/2309
s 146
f 587/598/1462 884/592/1452 888/591/1451 598/599/1463
f 889/961/2310 601/613/1484 598/599/1463 888/591/1451
f 615/615/1488 601/613/1484 889/961/2310
s 150
f 615/615/1491 890/625/1506 891/1083/1509 614/617/1492
f 892/631/1514 616/604/1494 614/1084/1492 891/628/1509
s 145
f 616/604/1473 893/630/1511 605/605/1474
f 887/589/1449 594/588/1448 605/605/1474 893/630/1511
s 146
f 600/626/2300 890/625/2311 889/961/2310
s 145
f 616/604/1473 892/631/1512 893/630/1511
s 146
f 890/625/2311 615/615/1488 889/961/2310
f 582/590/1450 600/626/2300 889/961/2310 888/591/1451
s 145
f 583/960/2309 886/582/1446 887/589/1449
s 32
f 895/1203/1653 672/683/1652 505/428/949 506/1202/948
s off
f 671/682/2312 572/574/2313 573/962/2314 670/679/2315
f 670/679/2316 573/962/2317 574/963/2318 672/683/2319
s 109
f 672/683/2320 574/963/2321 507/431/960 505/428/959
s 32
f 897/964/2322 894/680/1649 895/684/1653 898/965/2323
f 898/965/2323 895/684/1653 506/427/948 508/434/964
f 894/680/1649 897/964/2322 899/966/2324 896/681/1650
f 636/644/2325 635/646/2326 897/964/2322 898/965/2323
f 637/645/2327 531/437/970 532/436/969 899/966/2324
f 897/964/2322 635/646/2326 637/645/2327 899/966/2324
s 110
f 901/578/2328 576/577/2329 533/439/973 509/438/972
s 141
f 900/576/1424 573/962/2330 572/574/2331 575/573/1425
s 142
f 901/578/1427 574/963/2332 573/962/2333 900/576/1428
s 230
f 903/911/2165 690/719/2334 685/711/2335 902/910/2166
s 196
f 904/1310/2128 687/714/2336 690/719/2337 903/911/2129
s 197
f 687/1311/2338 904/903/2116 905/904/2117 688/715/2339
s 220
f 688/715/2340 905/904/2118 906/905/2119 689/717/2341
s 221
f 689/717/2342 906/905/2120 907/906/2121 686/710/2343
s 226
f 908/1308/2126 793/1309/2344 794/918/2345 902/910/2127
s 201
f 793/917/2346 908/909/2134 909/907/2137
s 218
f 844/871/2047 909/907/2122 1025/908/2124 1024/872/2048
s 201
f 793/917/2346 909/907/2137 844/871/2143 792/916/2142
s 139
f 925/967/2347 926/968/2348 559/566/2349 560/555/2350
s 140
f 924/969/2351 976/970/2352 983/971/2353 982/972/2354 977/973/2355 925/967/2356 560/555/2357 563/554/2358
s off
f 554/974/2359 914/1237/2360 913/1228/2361
s 138
f 554/974/2362 561/558/1389 562/561/1392 914/1237/2363
s 140
f 562/561/1397 920/1230/2364 914/1237/2365
f 916/1235/2366 922/1236/2367 563/554/2358
f 924/969/2351 563/554/2358 921/1231/2368
f 563/554/2358 922/1236/2367 921/1231/2368
s off
f 563/554/2369 567/568/2370 917/1233/2371 916/1235/2372
s 235
f 918/1234/2373 923/1232/2374 566/567/2375 565/579/2376
s off
f 919/984/2377 918/1234/2378 565/579/2379
s 235
f 566/567/2375 923/1232/2374 917/1233/2380 567/568/2381
s 140
f 924/969/2351 921/1231/2368 915/1229/2382 912/565/1400
f 912/565/1400 911/564/1399 925/967/2356 977/973/2355 981/986/2383 980/987/2384 979/988/2385 978/989/2386 976/970/2352 924/969/2351
s 139
f 911/564/1395 910/563/1394 926/968/2348 925/967/2347
s 140
f 912/565/1400 915/1229/2382 920/1230/2364 562/561/1397
s off
f 914/975/2387 928/990/2388 927/991/2389 913/976/2390
f 920/977/2391 929/992/2392 928/990/2393 914/975/2394
f 916/978/2395 931/993/2396 930/994/2397 922/979/2398
f 922/979/2399 930/994/2400 932/995/2401 921/980/2402
f 917/981/2403 933/996/2404 931/993/2405 916/978/2406
f 918/982/2407 935/997/2408 934/998/2409 923/983/2410
f 919/1226/2411 936/999/2412 935/997/2413 918/982/2414
f 923/983/2415 934/998/2416 933/996/2417 917/981/2418
f 921/980/2419 932/995/2420 937/1000/2421 915/985/2422
f 915/985/2423 937/1000/2424 929/992/2425 920/977/2426
s 114
f 913/976/2427 927/991/2428 547/475/1074 546/1285/1073
s off
f 928/990/2429 939/1261/2430 938/1251/2431 927/991/2432
f 929/992/2433 940/1254/2434 939/1261/2435 928/990/2436
f 931/993/2437 942/1259/2438 941/1260/2439 930/994/2440
f 930/994/2441 941/1260/2442 943/1255/2443 932/995/2444
f 933/996/2445 944/1257/2446 942/1259/2447 931/993/2448
f 935/997/2449 946/1258/2450 945/1256/2451 934/998/2452
f 936/999/2453 947/1010/2454 946/1258/2455 935/997/2456
f 934/998/2457 945/1256/2458 944/1257/2459 933/996/2460
f 932/995/2461 943/1255/2462 948/1253/2463 937/1000/2464
f 937/1000/2465 948/1253/2466 940/1254/2467 929/992/2468
s 115
f 927/991/2469 938/1251/2470 548/487/1118 547/475/1117
s off
f 939/1001/2471 950/1012/2472 949/1013/2473 938/1002/2474
f 940/1003/2475 951/1014/2476 950/1012/2477 939/1001/2478
f 942/1004/2479 953/1015/2480 952/1016/2481 941/1005/2482
f 941/1005/2483 952/1016/2484 954/1017/2485 943/1006/2486
f 944/1007/2487 955/1018/2488 953/1015/2489 942/1004/2490
f 946/1008/2491 957/1019/2492 956/1020/2493 945/1009/2494
f 947/1250/2495 958/1021/2496 957/1019/2497 946/1008/2498
f 945/1009/2499 956/1020/2500 955/1018/2501 944/1007/2502
f 943/1006/2503 954/1017/2504 959/1022/2505 948/1011/2506
f 948/1286/2507 959/1022/2508 951/1014/2509 940/1003/2510
s 116
f 938/1002/2511 949/1013/2512 549/499/1162 548/1252/1161
s 117
f 949/1013/2513 950/1012/2514 958/1021/2515 518/501/1166 519/500/1165
f 951/1014/2516 959/1022/2517 956/1020/2518 957/1019/2519
f 950/1012/2514 951/1014/2516 957/1019/2519 958/1021/2515
f 959/1022/2517 954/1017/2520 955/1018/2521 956/1020/2518
f 954/1017/2520 952/1016/2522 953/1015/2523 955/1018/2521
s off
g pCylinder2
usemtl pCylinder2SG
f 961/1023/2524 963/1024/2525 962/1025/2526 960/1026/2527
f 963/1024/2528 965/1027/2529 964/1028/2530 962/1025/2531
f 965/1027/2532 967/1029/2533 966/1030/2534 964/1028/2535
f 969/1031/2536 968/1032/2537 970/1033/2538 971/1034/2539
f 971/1034/2540 970/1033/2541 972/1035/2542 973/1036/2543
f 973/1036/2544 972/1035/2545 974/1037/2546 975/1038/2547
s 237
g modelPanel4ViewSelectedSet pCylinder2
usemtl lambert4SG
f 985/1039/2548 989/1040/2549 988/1041/2550 987/1042/2551 986/1043/2552 984/1044/2553
f 989/1040/2549 985/1039/2548 991/1045/2554 990/1046/2555
s off
f 977/973/2556 985/1039/2557 984/1044/2558 981/986/2559
f 981/986/2560 984/1044/2561 986/1043/2562 980/987/2563
f 980/987/2564 986/1043/2565 987/1042/2566 979/988/2567
f 979/988/2568 987/1042/2569 988/1041/2570 978/989/2571
f 978/989/2572 988/1041/2573 989/1040/2574 976/970/2575
f 976/970/2576 989/1040/2577 990/1046/2578 983/971/2579
f 983/971/2580 990/1046/2581 991/1045/2582 982/972/2583
f 982/972/2584 991/1045/2585 985/1039/2586 977/973/2587
s 163
f 702/732/1755 992/685/1654 993/688/1657 697/727/1756
s 167
f 697/727/1735 993/688/1670 994/696/1673 698/728/1736
s 168
f 698/728/1739 994/696/1674 995/689/1677 699/729/1740
s 164
f 699/729/1743 995/689/1658 996/692/1661 700/730/1744
s 165
f 700/730/1747 996/692/1662 997/1177/1665 701/731/1748
s 166
f 701/1178/1751 997/694/1666 992/685/1669 702/732/1752
s 163
f 704/686/1655 998/733/1758 999/734/1761 703/687/1656
s 167
f 703/687/1671 999/734/1778 1000/738/1781 708/695/1672
s 168
f 708/695/1675 1000/738/1774 1001/737/1777 707/690/1676
s 164
f 707/690/1659 1001/737/1770 1002/736/1773 706/691/1660
s 165
f 706/691/1663 1002/736/1766 1003/1175/1769 705/693/1664
s 166
f 705/1176/1667 1003/735/1762 998/733/1765 704/686/1668
s 175
f 1005/756/1827 720/750/1802 715/739/1805 1004/751/1828
s 178
f 1006/1173/1823 719/748/1798 720/750/1801 1005/756/1824
s 177
f 1007/754/1819 718/746/1794 719/1174/1797 1006/755/1820
s 176
f 1008/753/1815 717/744/1790 718/746/1793 1007/754/1816
s 180
f 1009/752/1811 716/742/1786 717/744/1789 1008/753/1812
s 179
f 1004/751/1807 715/739/1782 716/742/1785 1009/752/1808
s 218
f 1011/1047/2588 907/906/2589 843/885/2162 1010/924/2161
f 686/710/2123 907/906/2589 1011/1047/2588
s 211
f 801/864/2590 809/863/2043 1012/865/2021 1013/866/2023
s 224
f 801/864/2591 1013/866/2114 1014/893/2087 839/890/2592
f 1015/892/2086 829/891/2593 839/890/2592 1014/893/2087
f 1016/901/2099 851/899/2594 829/891/2593 1015/892/2086
f 1017/1306/2155 820/920/2595 851/899/2594 1016/901/2099
s 198
f 1018/946/2229 866/948/2234 820/1307/2233 1017/922/2230
f 1019/912/2132 819/1302/2174 1048/926/2175 1047/913/2133
s 200
f 814/934/2183 1020/876/2052 1044/877/2055 1043/935/2184
f 1022/875/2222 813/936/2219 863/942/2218 1021/944/2223
s 218
f 1023/873/2049 812/923/2160 813/936/2186 1022/875/2051
f 1024/872/2048 1010/924/2161 812/923/2160 1023/873/2049
f 1025/908/2124 1011/1047/2588 1010/924/2161 1024/872/2048
f 686/710/2123 1011/1047/2588 1025/908/2124
s 238
f 1037/1048/2596 815/879/2597 789/824/2598 1034/837/2599
s 239
f 818/1305/2600 1036/1297/2601 1035/838/2602 782/827/2603
s off
f 1019/1298/2604 1020/876/2605 814/934/2606 819/925/2607
s 240
f 1031/933/2608 857/932/2609 854/927/2610 1032/1301/2611
s 241
f 1036/1049/2612 818/881/2613 815/879/2614 1037/1048/2615
s 202
f 1027/1303/1972 760/805/2616 777/801/2617 1026/830/1969
s 203
f 760/1304/2618 1027/832/1973 1028/833/1974 761/806/2619
s 205
f 761/806/2620 1028/833/1975 1029/834/1976 780/808/2621
f 1030/836/1978 769/809/2622 780/808/2621 1029/834/1976
f 814/934/2623 769/809/2622 1030/836/1978 1031/933/2182
s 240
f 819/925/2624 814/934/2625 1031/933/2608 1032/1301/2611
s 202
f 1033/831/1970 772/800/2626 819/1302/2627 1032/928/2177
f 1026/830/1969 777/801/2617 772/800/2626 1033/831/1970
s 204
f 762/812/2628 1034/837/1979 1035/1299/1980 759/813/2629
s 239
f 1036/1297/2601 1019/912/2630 759/1300/2631 1035/838/2602
s 241
f 1020/876/2632 1019/1298/2633 1036/1049/2612 1037/1048/2615
s 238
f 1020/876/2634 1037/1048/2596 1034/837/2599 762/812/2635
s 198
f 1039/1295/1962 859/938/2237 868/949/2235 1038/802/1933
s 199
f 859/1296/2209 1039/804/1935 1040/807/1938 860/939/2210
s 200
f 860/939/2213 1040/807/1967 1041/811/1942 861/940/2214
f 1042/810/1941 862/941/2216 861/940/2214 1041/811/1942
f 1043/935/2184 863/942/2218 862/941/2216 1042/810/1941
f 1044/877/2055 1021/944/2223 863/942/2218 1043/935/2184
f 1045/815/2054 864/943/2220 1021/944/2223 1044/877/2055
s 201
f 1046/1293/1945 865/945/2225 864/943/2224 1045/815/1946
s 198
f 865/1294/2228 1046/814/2130 1047/913/2133 1018/946/2229
f 1048/926/2175 866/948/2234 1018/946/2229 1047/913/2133
f 1049/803/1934 867/947/2231 866/948/2234 1048/926/2175
f 1038/802/1933 868/949/2235 867/947/2231 1049/803/1934
s 123
f 529/222/2636 665/654/2637 638/672/2638 503/529/1290
s 32
f 534/530/1293 671/682/1651 896/1200/1650 535/531/1294
s 124
f 510/532/1295 654/633/2639 658/668/2640 536/533/1296
f 537/534/1299 624/634/2641 654/633/2639 510/532/1295
s 125
f 538/535/1301 652/665/2642 625/1139/2643 524/100/1302
s 126
f 539/1190/1305 632/640/2644 629/639/2645 528/139/1306
s 127
f 531/1193/1309 637/1192/2646 624/634/2647 537/534/1310
s off
f 540/537/2648 638/672/2649 632/1191/2650 539/536/2651
s 125
f 511/538/1317 660/666/2652 652/665/2642 538/535/1301
s 124
f 536/533/1296 658/668/2640 623/669/2653 526/138/1319
s 125
f 527/140/1321 626/671/2654 660/666/2652 511/538/1317
s 123
f 503/529/1290 638/672/2638 540/537/1323
s 128
f 500/26/1324 572/574/2655 671/682/2656 534/530/1325
s 32
f 535/1201/1294 896/681/1650 899/966/2324 532/436/969
f 523/1196/1328 636/644/2325 898/965/2323 508/434/964
s 242
f 541/539/2657 561/558/2658 554/974/2659 512/540/2660
f 542/541/2661 556/559/2662 561/558/2658 541/539/2657
s off
f 513/542/2663 555/562/2664 556/559/2665 542/541/2666
s 243
f 543/543/2667 910/563/2668 555/562/2669 513/542/2670
s 131
f 498/23/1343 558/556/2671 559/566/2672 544/544/1344
s 5
f 545/545/1347 565/579/1430 570/572/1420 520/20/37
s 110
f 533/439/973 576/577/2329 571/570/2673 499/22/1348
f 507/431/1350 574/963/2674 901/578/2328 509/438/972
s 243
f 544/544/2675 559/566/2676 926/968/2677 514/546/2678
s off
f 512/540/2679 554/974/2680 913/1228/2681 546/474/2682
s 132
f 515/1225/1360 919/984/2683 565/579/2684 545/545/1361
s 243
f 514/546/2678 926/968/2677 910/563/2668 543/543/2667
s 133
f 516/548/1364 936/999/2685 919/1226/2686 515/547/1365
s 134
f 517/1249/1368 947/1010/2687 936/999/2688 516/548/1369
s 135
f 518/501/1372 958/1021/2689 947/1250/2690 517/549/1373
s 117
f 549/499/1376 949/1013/2513 519/500/1165
s 136
g pCylinder2
usemtl pCylinder2SG
f 551/550/1377 961/1023/2691 960/1026/2692 550/551/1378
s 137
f 552/552/1381 968/1032/2693 969/1031/2694 553/553/1382
